Country,Region,Happiness Rank,Happiness Score,Economy (GDP per Capita),Family,Health (Life Expectancy),Freedom,Trust (Government Corruption),Generosity,Dystopia Residual,Year,Social support
Switzerland,Western Europe,1,7.587000000000001,1.3965100000000001,1.34951,0.9414299999999999,0.66557,0.41978000000000004,0.29678000000000004,2.5173799999999997,2015,
Iceland,Western Europe,2,7.561,1.3023200000000001,1.4022299999999999,0.94784,0.6287699999999999,0.14145,0.4363,2.70201,2015,
Denmark,Western Europe,3,7.527,1.32548,1.36058,0.87464,0.6493800000000001,0.48357,0.34139,2.4920400000000003,2015,
Norway,Western Europe,4,7.522,1.459,1.33095,0.88521,0.66973,0.36503,0.34699,2.4653099999999997,2015,
Canada,North America,5,7.4270000000000005,1.32629,1.32261,0.9056299999999999,0.63297,0.32957,0.45811,2.4517599999999997,2015,
Finland,Western Europe,6,7.406000000000001,1.29025,1.31826,0.8891100000000001,0.64169,0.41372,0.23351,2.61955,2015,
Netherlands,Western Europe,7,7.377999999999999,1.32944,1.28017,0.89284,0.6157600000000001,0.31814000000000003,0.4761,2.4657,2015,
Sweden,Western Europe,8,7.364,1.33171,1.2890700000000002,0.9108700000000001,0.6598,0.43843999999999994,0.36262,2.3711900000000004,2015,
New Zealand,Australia and New Zealand,9,7.2860000000000005,1.2501799999999998,1.3196700000000001,0.9083700000000001,0.6393800000000001,0.42922,0.47501000000000004,2.26425,2015,
Australia,Australia and New Zealand,10,7.284,1.33358,1.30923,0.93156,0.6512399999999999,0.35636999999999996,0.43562,2.26646,2015,
Israel,Middle East and Northern Africa,11,7.278,1.2285700000000002,1.22393,0.9138700000000001,0.41318999999999995,0.07785,0.33171999999999996,3.08854,2015,
Costa Rica,Latin America and Caribbean,12,7.226,0.95578,1.2378799999999999,0.8602700000000001,0.63376,0.10583,0.25497,3.17728,2015,
Austria,Western Europe,13,7.2,1.33723,1.29704,0.8904200000000001,0.62433,0.18675999999999998,0.33088,2.5332,2015,
Mexico,Latin America and Caribbean,14,7.187,1.02054,0.91451,0.8144399999999999,0.48181,0.21311999999999998,0.14074,3.6021400000000003,2015,
United States,North America,15,7.119,1.3945100000000001,1.24711,0.86179,0.54604,0.1589,0.40105,2.51011,2015,
Brazil,Latin America and Caribbean,16,6.983,0.98124,1.2328700000000001,0.69702,0.49049,0.17521,0.14574,3.26001,2015,
Luxembourg,Western Europe,17,6.946000000000001,1.5639100000000001,1.21963,0.91894,0.61583,0.37798000000000004,0.28034000000000003,1.9696099999999999,2015,
Ireland,Western Europe,18,6.94,1.33596,1.36948,0.89533,0.6177699999999999,0.28703,0.45901000000000003,1.9757,2015,
Belgium,Western Europe,19,6.937,1.30782,1.28566,0.8966700000000001,0.5845,0.2254,0.2225,2.4148400000000003,2015,
United Arab Emirates,Middle East and Northern Africa,20,6.901,1.42727,1.12575,0.80925,0.64157,0.38583,0.26428,2.24743,2015,
United Kingdom,Western Europe,21,6.867000000000001,1.26637,1.28548,0.90943,0.59625,0.32066999999999996,0.51912,1.9699400000000002,2015,
Oman,Middle East and Northern Africa,22,6.853,1.36011,1.08182,0.76276,0.63274,0.32524000000000003,0.21541999999999997,2.4748900000000003,2015,
Venezuela,Latin America and Caribbean,23,6.81,1.04424,1.25596,0.7205199999999999,0.42908,0.11069000000000001,0.058410000000000004,3.1913099999999996,2015,
Singapore,Southeastern Asia,24,6.797999999999999,1.52186,1.02,1.02525,0.54252,0.4921,0.31105,1.8850099999999999,2015,
Panama,Latin America and Caribbean,25,6.7860000000000005,1.0635299999999999,1.1985,0.79661,0.5421,0.0927,0.24434,2.84848,2015,
Germany,Western Europe,26,6.75,1.32792,1.2993700000000001,0.89186,0.6147699999999999,0.21843,0.28214,2.1156900000000003,2015,
Chile,Latin America and Caribbean,27,6.67,1.10715,1.12447,0.85857,0.44132,0.12869,0.33363000000000004,2.67585,2015,
Qatar,Middle East and Northern Africa,28,6.611000000000001,1.69042,1.0786,0.79733,0.6404,0.52208,0.32573,1.55674,2015,
France,Western Europe,29,6.575,1.27778,1.2603799999999998,0.9457899999999999,0.55011,0.20646,0.12332,2.21126,2015,
Argentina,Latin America and Caribbean,30,6.574,1.05351,1.24823,0.78723,0.44974,0.08484,0.11450999999999999,2.8360000000000003,2015,
Czech Republic,Central and Eastern Europe,31,6.505,1.17898,1.20643,0.84483,0.46363999999999994,0.02652,0.10686,2.67782,2015,
Uruguay,Latin America and Caribbean,32,6.485,1.06166,1.2089,0.8116,0.6036199999999999,0.24558000000000002,0.2324,2.3214200000000003,2015,
Colombia,Latin America and Caribbean,33,6.477,0.91861,1.2401799999999998,0.69077,0.53466,0.0512,0.18400999999999998,2.85737,2015,
Thailand,Southeastern Asia,34,6.455,0.9669,1.26504,0.7385,0.5566399999999999,0.031869999999999996,0.5763,2.31945,2015,
Saudi Arabia,Middle East and Northern Africa,35,6.4110000000000005,1.39541,1.0839299999999998,0.72025,0.31048000000000003,0.32524000000000003,0.13706,2.43872,2015,
Spain,Western Europe,36,6.329,1.23011,1.31379,0.95562,0.45951000000000003,0.06398,0.18227000000000002,2.12367,2015,
Malta,Western Europe,37,6.3020000000000005,1.2074,1.30203,0.88721,0.60365,0.13585999999999998,0.51752,1.6488,2015,
Taiwan,Eastern Asia,38,6.297999999999999,1.29098,1.07617,0.8753,0.3974,0.08129,0.25376,2.32323,2015,
Kuwait,Middle East and Northern Africa,39,6.295,1.5542200000000002,1.16594,0.72492,0.55499,0.25609,0.16228,1.8763400000000001,2015,
Suriname,Latin America and Caribbean,40,6.269,0.99534,0.972,0.6082,0.5965699999999999,0.13633,0.16990999999999998,2.79094,2015,
Trinidad and Tobago,Latin America and Caribbean,41,6.167999999999999,1.21183,1.18354,0.61483,0.55884,0.0114,0.31844,2.2688200000000003,2015,
El Salvador,Latin America and Caribbean,42,6.13,0.76454,1.0250700000000001,0.67737,0.4035,0.11775999999999999,0.10692,3.035,2015,
Guatemala,Latin America and Caribbean,43,6.122999999999999,0.74553,1.04356,0.64425,0.57733,0.09472,0.27489,2.74255,2015,
Uzbekistan,Central and Eastern Europe,44,6.002999999999999,0.63244,1.34043,0.59772,0.6582100000000001,0.30826,0.22837,2.2374099999999997,2015,
Slovakia,Central and Eastern Europe,45,5.995,1.1689100000000001,1.26999,0.7890199999999999,0.31751,0.03431,0.16893,2.2463900000000003,2015,
Japan,Eastern Asia,46,5.987,1.27074,1.25712,0.99111,0.49615,0.1806,0.10705,1.68435,2015,
South Korea,Eastern Asia,47,5.984,1.24461,0.9577399999999999,0.9653799999999999,0.33208000000000004,0.07857,0.18557,2.21978,2015,
Ecuador,Latin America and Caribbean,48,5.975,0.8640200000000001,0.99903,0.79075,0.48573999999999995,0.1809,0.11540999999999998,2.5394200000000002,2015,
Bahrain,Middle East and Northern Africa,49,5.96,1.32376,1.21624,0.74716,0.45492,0.306,0.17362,1.73797,2015,
Italy,Western Europe,50,5.9479999999999995,1.25114,1.19777,0.9544600000000001,0.26236,0.02901,0.22823000000000002,2.0251799999999998,2015,
Bolivia,Latin America and Caribbean,51,5.89,0.68133,0.97841,0.5392,0.57414,0.08800000000000001,0.20536,2.82334,2015,
Moldova,Central and Eastern Europe,52,5.888999999999999,0.59448,1.01528,0.61826,0.32818,0.01615,0.20951,3.10712,2015,
Paraguay,Latin America and Caribbean,53,5.877999999999999,0.75985,1.30477,0.66098,0.53899,0.08242000000000001,0.3424,2.18896,2015,
Kazakhstan,Central and Eastern Europe,54,5.855,1.1225399999999999,1.1224100000000001,0.64368,0.51649,0.08454,0.11827,2.24729,2015,
Slovenia,Central and Eastern Europe,55,5.848,1.18498,1.27385,0.8733700000000001,0.60855,0.03787,0.25328,1.6158299999999999,2015,
Lithuania,Central and Eastern Europe,56,5.832999999999999,1.14723,1.25745,0.73128,0.21341999999999997,0.01031,0.026410000000000003,2.4464900000000003,2015,
Nicaragua,Latin America and Caribbean,57,5.827999999999999,0.59325,1.14184,0.7431399999999999,0.55475,0.19317,0.27815,2.32407,2015,
Peru,Latin America and Caribbean,58,5.824,0.9001899999999999,0.97459,0.73017,0.41496000000000005,0.05989,0.14982,2.5945,2015,
Belarus,Central and Eastern Europe,59,5.813,1.0319200000000002,1.23289,0.7360800000000001,0.37938,0.1909,0.11045999999999999,2.1309,2015,
Poland,Central and Eastern Europe,60,5.791,1.12555,1.27948,0.77903,0.53122,0.04212,0.16759000000000002,1.86565,2015,
Malaysia,Southeastern Asia,61,5.77,1.12486,1.07023,0.7239399999999999,0.5302399999999999,0.10500999999999999,0.33075,1.8854099999999998,2015,
Croatia,Central and Eastern Europe,62,5.7589999999999995,1.08254,0.79624,0.78805,0.25883,0.0243,0.054439999999999995,2.75414,2015,
Libya,Middle East and Northern Africa,63,5.754,1.13145,1.1186200000000002,0.7038,0.41668,0.11023,0.18295,2.0906599999999997,2015,
Russia,Central and Eastern Europe,64,5.716,1.13764,1.23617,0.6692600000000001,0.36679,0.03005,0.00199,2.27394,2015,
Jamaica,Latin America and Caribbean,65,5.709,0.81038,1.1510200000000002,0.6874100000000001,0.50442,0.02299,0.2123,2.32038,2015,
North Cyprus,Western Europe,66,5.695,1.2080600000000001,1.07008,0.92356,0.49027,0.1428,0.26169000000000003,1.5988799999999999,2015,
Cyprus,Western Europe,67,5.689,1.20813,0.89318,0.92356,0.40671999999999997,0.06146,0.30638000000000004,1.8893099999999998,2015,
Algeria,Middle East and Northern Africa,68,5.605,0.93929,1.07772,0.61766,0.28579,0.17382999999999998,0.07822,2.43209,2015,
Kosovo,Central and Eastern Europe,69,5.5889999999999995,0.80148,0.81198,0.63132,0.24749000000000002,0.04741,0.2831,2.76579,2015,
Turkmenistan,Central and Eastern Europe,70,5.547999999999999,0.95847,1.22668,0.53886,0.4761,0.30844,0.16979,1.8698400000000002,2015,
Mauritius,Sub-Saharan Africa,71,5.477,1.0076100000000001,0.98521,0.7095,0.56066,0.07521,0.37744,1.76145,2015,
Hong Kong,Eastern Asia,72,5.474,1.38604,1.05818,1.01328,0.59608,0.37124,0.39478,0.6542899999999999,2015,
Estonia,Central and Eastern Europe,73,5.428999999999999,1.15174,1.22791,0.77361,0.44888,0.15184,0.0868,1.58782,2015,
Indonesia,Southeastern Asia,74,5.399,0.8282700000000001,1.0870799999999998,0.63793,0.46611,0.0,0.51535,1.86399,2015,
Vietnam,Southeastern Asia,75,5.36,0.63216,0.9122600000000001,0.7467600000000001,0.59444,0.10440999999999999,0.1686,2.20173,2015,
Turkey,Middle East and Northern Africa,76,5.332000000000001,1.06098,0.94632,0.73172,0.22815,0.15746,0.12253,2.08528,2015,
Kyrgyzstan,Central and Eastern Europe,77,5.2860000000000005,0.47428000000000003,1.15115,0.65088,0.43477,0.042319999999999997,0.3003,2.2327,2015,
Nigeria,Sub-Saharan Africa,78,5.268,0.65435,0.9043200000000001,0.16007000000000002,0.34334000000000003,0.0403,0.27233,2.89319,2015,
Bhutan,Southern Asia,79,5.252999999999999,0.77042,1.10395,0.57407,0.5320600000000001,0.15445,0.47998,1.63794,2015,
Azerbaijan,Central and Eastern Europe,80,5.212000000000001,1.02389,0.9379299999999999,0.64045,0.3703,0.16065,0.07799,2.00073,2015,
Pakistan,Southern Asia,81,5.194,0.59543,0.41411000000000003,0.51466,0.12102,0.10464000000000001,0.33671,3.1070900000000004,2015,
Jordan,Middle East and Northern Africa,82,5.192,0.9019799999999999,1.05392,0.69639,0.40660999999999997,0.14293,0.11052999999999999,1.8799599999999999,2015,
Montenegro,Central and Eastern Europe,82,5.192,0.9743799999999999,0.9055700000000001,0.72521,0.1826,0.14296,0.1614,2.10017,2015,
China,Eastern Asia,84,5.14,0.89012,0.94675,0.81658,0.5169699999999999,0.02781,0.08185,1.8604,2015,
Zambia,Sub-Saharan Africa,85,5.129,0.47038,0.91612,0.29924,0.48827,0.12468,0.19591,2.6343,2015,
Romania,Central and Eastern Europe,86,5.124,1.04345,0.8858799999999999,0.7689,0.35068,0.006490000000000001,0.13748,1.9312900000000002,2015,
Serbia,Central and Eastern Europe,87,5.122999999999999,0.92053,1.0096399999999999,0.74836,0.20107,0.02617,0.19230999999999998,2.025,2015,
Portugal,Western Europe,88,5.102,1.15991,1.13935,0.8751899999999999,0.51469,0.01078,0.13719,1.26462,2015,
Latvia,Central and Eastern Europe,89,5.098,1.11312,1.09562,0.72437,0.29671,0.06332,0.18225999999999998,1.62215,2015,
Philippines,Southeastern Asia,90,5.073,0.70532,1.03516,0.58114,0.62545,0.12279000000000001,0.24991,1.7536,2015,
Somaliland region,Sub-Saharan Africa,91,5.0569999999999995,0.18847,0.95152,0.43873,0.46581999999999996,0.39928,0.5031800000000001,2.11032,2015,
Morocco,Middle East and Northern Africa,92,5.013,0.7347899999999999,0.64095,0.60954,0.41691000000000006,0.08546000000000001,0.07172,2.4537299999999997,2015,
Macedonia,Central and Eastern Europe,93,5.007,0.91851,1.00232,0.73545,0.33457,0.053270000000000005,0.22359,1.7393299999999998,2015,
Mozambique,Sub-Saharan Africa,94,4.971,0.08308,1.02626,0.09131,0.34037,0.15603,0.22269,3.05137,2015,
Albania,Central and Eastern Europe,95,4.959,0.8786700000000001,0.8043399999999999,0.81325,0.35733000000000004,0.06412999999999999,0.14272,1.89894,2015,
Bosnia and Herzegovina,Central and Eastern Europe,96,4.949,0.8322299999999999,0.9191600000000001,0.79081,0.09245,0.00227,0.24808000000000002,2.06367,2015,
Lesotho,Sub-Saharan Africa,97,4.898,0.37545,1.04103,0.07612000000000001,0.31767,0.12504,0.16388,2.79832,2015,
Dominican Republic,Latin America and Caribbean,98,4.885,0.8953700000000001,1.17202,0.66825,0.57672,0.14234000000000002,0.21684,1.21305,2015,
Laos,Southeastern Asia,99,4.876,0.5906600000000001,0.73803,0.54909,0.59591,0.24249,0.42191999999999996,1.7379900000000001,2015,
Mongolia,Eastern Asia,100,4.874,0.82819,1.3006,0.60268,0.43626000000000004,0.026660000000000003,0.3323,1.34759,2015,
Swaziland,Sub-Saharan Africa,101,4.867,0.71206,1.07284,0.07566,0.30658,0.0306,0.18259,2.48676,2015,
Greece,Western Europe,102,4.857,1.15406,0.9293299999999999,0.88213,0.07699,0.013969999999999998,0.0,1.8010099999999998,2015,
Lebanon,Middle East and Northern Africa,103,4.8389999999999995,1.0256399999999999,0.80001,0.83947,0.33916,0.04582,0.21854,1.57059,2015,
Hungary,Central and Eastern Europe,104,4.8,1.12094,1.20215,0.75905,0.32111999999999996,0.02758,0.128,1.24074,2015,
Honduras,Latin America and Caribbean,105,4.788,0.59532,0.9534799999999999,0.6951,0.40148,0.06825,0.23026999999999997,1.84408,2015,
Tajikistan,Central and Eastern Europe,106,4.7860000000000005,0.39047,0.8556299999999999,0.5737899999999999,0.47216,0.15072,0.22974,2.1139900000000003,2015,
Tunisia,Middle East and Northern Africa,107,4.739,0.88113,0.60429,0.73793,0.26268,0.06358,0.06431,2.12466,2015,
Palestinian Territories,Middle East and Northern Africa,108,4.715,0.59867,0.92558,0.66015,0.24499,0.12905,0.11250999999999999,2.0438400000000003,2015,
Bangladesh,Southern Asia,109,4.694,0.39753,0.43106000000000005,0.60164,0.4082,0.12569,0.21222,2.51767,2015,
Iran,Middle East and Northern Africa,110,4.686,1.0088,0.54447,0.69805,0.30033000000000004,0.058629999999999995,0.38086,1.6944,2015,
Ukraine,Central and Eastern Europe,111,4.681,0.79907,1.20278,0.6739,0.25123,0.02961,0.15275,1.5714,2015,
Iraq,Middle East and Northern Africa,112,4.677,0.98549,0.81889,0.60237,0.0,0.13788,0.17922000000000002,1.95335,2015,
South Africa,Sub-Saharan Africa,113,4.6419999999999995,0.9204899999999999,1.18468,0.27688,0.33207,0.08884,0.11972999999999999,1.7195599999999998,2015,
Ghana,Sub-Saharan Africa,114,4.633,0.5455800000000001,0.6795399999999999,0.40131999999999995,0.42341999999999996,0.04355,0.23087,2.30919,2015,
Zimbabwe,Sub-Saharan Africa,115,4.61,0.271,1.0327600000000001,0.33475,0.25861,0.08079,0.18987,2.44191,2015,
Liberia,Sub-Saharan Africa,116,4.571000000000001,0.0712,0.78968,0.34201,0.28531,0.06232000000000001,0.24361999999999998,2.7772900000000003,2015,
India,Southern Asia,117,4.565,0.64499,0.38174,0.5152899999999999,0.39786,0.08492000000000001,0.26475,2.27513,2015,
Sudan,Sub-Saharan Africa,118,4.55,0.52107,1.01404,0.36878,0.10081,0.1466,0.19062,2.20857,2015,
Haiti,Latin America and Caribbean,119,4.518,0.26673,0.74302,0.38847,0.24425,0.17175,0.46187,2.24173,2015,
Congo (Kinshasa),Sub-Saharan Africa,120,4.5169999999999995,0.0,1.0012,0.09806000000000001,0.22605,0.07625,0.24834,2.86712,2015,
Nepal,Southern Asia,121,4.513999999999999,0.35996999999999996,0.86449,0.5687399999999999,0.38282,0.059070000000000004,0.32295999999999997,1.9563700000000002,2015,
Ethiopia,Sub-Saharan Africa,122,4.512,0.19072999999999998,0.60406,0.44055,0.4345,0.15048,0.24325,2.44876,2015,
Sierra Leone,Sub-Saharan Africa,123,4.507,0.33024000000000003,0.9557100000000001,0.0,0.4084,0.08786000000000001,0.21488000000000002,2.51009,2015,
Mauritania,Sub-Saharan Africa,124,4.436,0.45407,0.86908,0.35874,0.24231999999999998,0.17461,0.21899999999999997,2.11773,2015,
Kenya,Sub-Saharan Africa,125,4.419,0.36471,0.99876,0.41435,0.42215,0.05839,0.37542,1.78555,2015,
Djibouti,Sub-Saharan Africa,126,4.369,0.44025,0.59207,0.36291,0.46074,0.28105,0.18093,2.05125,2015,
Armenia,Central and Eastern Europe,127,4.35,0.7682100000000001,0.7771100000000001,0.7299,0.19847,0.039,0.07855,1.75873,2015,
Botswana,Sub-Saharan Africa,128,4.332,0.99355,1.10464,0.047760000000000004,0.49495,0.12474,0.10461,1.46181,2015,
Myanmar,Southeastern Asia,129,4.3069999999999995,0.27108000000000004,0.70905,0.48246000000000006,0.44017,0.19034,0.79588,1.41805,2015,
Georgia,Central and Eastern Europe,130,4.297,0.7419,0.38561999999999996,0.72926,0.40576999999999996,0.38331,0.055470000000000005,1.59541,2015,
Malawi,Sub-Saharan Africa,131,4.292,0.016040000000000002,0.41134,0.22562,0.43054,0.06977,0.33128,2.8079099999999997,2015,
Sri Lanka,Southern Asia,132,4.271,0.83524,1.01905,0.70806,0.5372600000000001,0.09179,0.40828000000000003,0.67108,2015,
Cameroon,Sub-Saharan Africa,133,4.252,0.4225,0.8876700000000001,0.23401999999999998,0.49309,0.05786,0.20618000000000003,1.95071,2015,
Bulgaria,Central and Eastern Europe,134,4.218,1.01216,1.10614,0.76649,0.30587,0.00872,0.11921,0.89991,2015,
Egypt,Middle East and Northern Africa,135,4.194,0.8818,0.747,0.61712,0.17288,0.06324,0.11291,1.59927,2015,
Yemen,Middle East and Northern Africa,136,4.077,0.5464899999999999,0.68093,0.40064,0.35570999999999997,0.07854,0.09131,1.92313,2015,
Angola,Sub-Saharan Africa,137,4.033,0.75778,0.8604,0.16683,0.10384000000000002,0.07122,0.12344000000000001,1.9493900000000002,2015,
Mali,Sub-Saharan Africa,138,3.995,0.26074,1.03526,0.20583,0.38856999999999997,0.12352,0.18798,1.79293,2015,
Congo (Brazzaville),Sub-Saharan Africa,139,3.989,0.67866,0.6629,0.31051,0.41466000000000003,0.11685999999999999,0.12387999999999999,1.68135,2015,
Comoros,Sub-Saharan Africa,140,3.9560000000000004,0.23906,0.79273,0.36315,0.22916999999999998,0.19899999999999998,0.17440999999999998,1.95812,2015,
Uganda,Sub-Saharan Africa,141,3.931,0.21101999999999999,1.13299,0.33860999999999997,0.45726999999999995,0.07267,0.29066,1.42766,2015,
Senegal,Sub-Saharan Africa,142,3.904,0.36498,0.97619,0.4354,0.36772,0.10712999999999999,0.20843000000000003,1.44395,2015,
Gabon,Sub-Saharan Africa,143,3.8960000000000004,1.06024,0.90528,0.43372,0.31914000000000003,0.11091,0.06822,0.99895,2015,
Niger,Sub-Saharan Africa,144,3.845,0.0694,0.77265,0.29707,0.47691999999999996,0.15639,0.19387000000000001,1.87877,2015,
Cambodia,Southeastern Asia,145,3.819,0.46038,0.62736,0.61114,0.66246,0.07247,0.40359,0.98195,2015,
Tanzania,Sub-Saharan Africa,146,3.781,0.2852,1.00268,0.38215,0.32878,0.05747000000000001,0.34376999999999996,1.38079,2015,
Madagascar,Sub-Saharan Africa,147,3.681,0.20824,0.66801,0.46721,0.19184,0.08123999999999999,0.21333000000000002,1.851,2015,
Central African Republic,Sub-Saharan Africa,148,3.678,0.0785,0.0,0.06699,0.48878999999999995,0.08288999999999999,0.23835,2.7223,2015,
Chad,Sub-Saharan Africa,149,3.667,0.34193,0.76062,0.1501,0.23501,0.05269,0.18386,1.9429599999999998,2015,
Guinea,Sub-Saharan Africa,150,3.656,0.17417,0.46475,0.24009,0.37725,0.12139000000000001,0.28657,1.9917200000000002,2015,
Ivory Coast,Sub-Saharan Africa,151,3.655,0.46534,0.77115,0.15185,0.46866,0.17922000000000002,0.20165,1.41723,2015,
Burkina Faso,Sub-Saharan Africa,152,3.5869999999999997,0.25811999999999996,0.85188,0.27125,0.39493,0.12832000000000002,0.21746999999999997,1.46494,2015,
Afghanistan,Southern Asia,153,3.575,0.31982,0.30285,0.30335,0.23414000000000001,0.09719,0.3651,1.9521,2015,
Rwanda,Sub-Saharan Africa,154,3.465,0.22208000000000003,0.7737,0.42863999999999997,0.59201,0.55191,0.22628,0.67042,2015,
Benin,Sub-Saharan Africa,155,3.34,0.28665,0.35386,0.3191,0.4845,0.0801,0.1826,1.6332799999999998,2015,
Syria,Middle East and Northern Africa,156,3.0060000000000002,0.6632,0.47489,0.7219300000000001,0.15684,0.18905999999999998,0.47179,0.32858000000000004,2015,
Burundi,Sub-Saharan Africa,157,2.905,0.0153,0.41586999999999996,0.22396,0.1185,0.10062,0.19727,1.83302,2015,
Togo,Sub-Saharan Africa,158,2.839,0.20868,0.13995,0.28443,0.36453,0.10730999999999999,0.16680999999999999,1.56726,2015,
Denmark,Western Europe,1,7.526,1.4417799999999998,1.16374,0.79504,0.5794100000000001,0.44453000000000004,0.36171,2.73939,2016,
Switzerland,Western Europe,2,7.5089999999999995,1.5273299999999999,1.14524,0.86303,0.58557,0.41203,0.28083,2.69463,2016,
Iceland,Western Europe,3,7.501,1.42666,1.18326,0.8673299999999999,0.56624,0.14975,0.47678000000000004,2.83137,2016,
Norway,Western Europe,4,7.497999999999999,1.57744,1.1269,0.79579,0.59609,0.35775999999999997,0.37895,2.66465,2016,
Finland,Western Europe,5,7.412999999999999,1.40598,1.1346399999999999,0.81091,0.57104,0.41003999999999996,0.25492,2.82596,2016,
Canada,North America,6,7.404,1.44015,1.0961,0.8276,0.5737,0.31329,0.44833999999999996,2.70485,2016,
Netherlands,Western Europe,7,7.3389999999999995,1.46468,1.02912,0.8123100000000001,0.55211,0.29927,0.47416,2.70749,2016,
New Zealand,Australia and New Zealand,8,7.334,1.36066,1.17278,0.83096,0.5814699999999999,0.41903999999999997,0.49401000000000006,2.47553,2016,
Australia,Australia and New Zealand,9,7.313,1.4444299999999999,1.10476,0.8512,0.5683699999999999,0.32331,0.47407,2.5465,2016,
Sweden,Western Europe,10,7.291,1.45181,1.08764,0.83121,0.58218,0.40867,0.38254,2.54734,2016,
Israel,Middle East and Northern Africa,11,7.267,1.33766,0.9953700000000001,0.8491700000000001,0.36432,0.08728,0.32288,3.31029,2016,
Austria,Western Europe,12,7.119,1.45038,1.0838299999999998,0.80565,0.54355,0.21348000000000003,0.32865,2.6934299999999998,2016,
United States,North America,13,7.104,1.50796,1.04782,0.779,0.48163,0.14868,0.41076999999999997,2.72782,2016,
Costa Rica,Latin America and Caribbean,14,7.087000000000001,1.06879,1.02152,0.76146,0.55225,0.10547000000000001,0.22553,3.3516800000000004,2016,
Puerto Rico,Latin America and Caribbean,15,7.039,1.35943,1.08113,0.77758,0.46823000000000004,0.12275,0.22202,3.0076,2016,
Germany,Western Europe,16,6.994,1.44787,1.09774,0.81487,0.53466,0.28551,0.30451999999999996,2.5093099999999997,2016,
Brazil,Latin America and Caribbean,17,6.952000000000001,1.08754,1.03938,0.61415,0.40425,0.14165999999999998,0.15775999999999998,3.5073300000000005,2016,
Belgium,Western Europe,18,6.928999999999999,1.42539,1.05249,0.8195899999999999,0.51354,0.26248,0.2424,2.61355,2016,
Ireland,Western Europe,19,6.907,1.4834100000000001,1.16157,0.81455,0.54008,0.29754,0.44963000000000003,2.15988,2016,
Luxembourg,Western Europe,20,6.871,1.6975200000000001,1.03999,0.8454200000000001,0.5487,0.35329,0.27571,2.11055,2016,
Mexico,Latin America and Caribbean,21,6.778,1.1150799999999998,0.7146,0.71143,0.37709000000000004,0.18355,0.11735,3.5590599999999997,2016,
Singapore,Southeastern Asia,22,6.739,1.64555,0.8675799999999999,0.94719,0.4877,0.46986999999999995,0.32706,1.99375,2016,
United Kingdom,Western Europe,23,6.725,1.40283,1.0867200000000001,0.80991,0.50036,0.27399,0.50156,2.1499900000000003,2016,
Chile,Latin America and Caribbean,24,6.705,1.2167,0.9058700000000001,0.8188300000000001,0.37789,0.11450999999999999,0.31595,2.95505,2016,
Panama,Latin America and Caribbean,25,6.7010000000000005,1.18306,0.9891200000000001,0.70835,0.48927,0.08423,0.2418,3.00559,2016,
Argentina,Latin America and Caribbean,26,6.65,1.15137,1.0661200000000002,0.69711,0.42283999999999994,0.07296,0.10989000000000002,3.12985,2016,
Czech Republic,Central and Eastern Europe,27,6.596,1.30915,1.00793,0.76376,0.41418,0.03986,0.09929,2.96211,2016,
United Arab Emirates,Middle East and Northern Africa,28,6.5729999999999995,1.57352,0.8711399999999999,0.72993,0.56215,0.35561,0.26591,2.21507,2016,
Uruguay,Latin America and Caribbean,29,6.545,1.18157,1.0314299999999998,0.72183,0.54388,0.21394000000000002,0.18056,2.67139,2016,
Malta,Western Europe,30,6.4879999999999995,1.30782,1.09879,0.80315,0.54994,0.17554,0.56237,1.99032,2016,
Colombia,Latin America and Caribbean,31,6.481,1.0303200000000001,1.02169,0.59659,0.44735,0.053989999999999996,0.15625999999999998,3.1747099999999997,2016,
France,Western Europe,32,6.478,1.39488,1.00508,0.83795,0.46562,0.17808,0.1216,2.4744,2016,
Thailand,Southeastern Asia,33,6.474,1.0893,1.04477,0.64915,0.49553,0.02833,0.58696,2.5796,2016,
Saudi Arabia,Middle East and Northern Africa,34,6.379,1.48953,0.84829,0.59267,0.37904,0.30008,0.15457,2.61482,2016,
Taiwan,Eastern Asia,34,6.379,1.39729,0.92624,0.79565,0.32377,0.0663,0.25495,2.61523,2016,
Qatar,Middle East and Northern Africa,36,6.375,1.82427,0.87964,0.71723,0.56679,0.48049,0.32388,1.5822399999999999,2016,
Spain,Western Europe,37,6.361000000000001,1.34253,1.12945,0.8789600000000001,0.37545,0.06137000000000001,0.17665,2.39663,2016,
Algeria,Middle East and Northern Africa,38,6.355,1.05266,0.83309,0.6180399999999999,0.21006,0.16157,0.07044,3.40904,2016,
Guatemala,Latin America and Caribbean,39,6.324,0.83454,0.8711899999999999,0.5403899999999999,0.50379,0.08701,0.28808,3.19863,2016,
Suriname,Latin America and Caribbean,40,6.269,1.09686,0.77866,0.5093300000000001,0.5223399999999999,0.12692,0.16665,3.06852,2016,
Kuwait,Middle East and Northern Africa,41,6.239,1.61714,0.8775799999999999,0.63569,0.43166000000000004,0.23669,0.15965,2.28085,2016,
Bahrain,Middle East and Northern Africa,42,6.218,1.44024,0.9439700000000001,0.65696,0.47375,0.25772,0.17147,2.27405,2016,
Trinidad and Tobago,Latin America and Caribbean,43,6.167999999999999,1.32572,0.98569,0.52608,0.48453,0.01241,0.31935,2.5139400000000003,2016,
Venezuela,Latin America and Caribbean,44,6.084,1.1336700000000002,1.03302,0.6190399999999999,0.19847,0.08304,0.0425,2.9746799999999998,2016,
Slovakia,Central and Eastern Europe,45,6.077999999999999,1.27973,1.0826799999999999,0.70367,0.23390999999999998,0.02947,0.13837,2.61065,2016,
El Salvador,Latin America and Caribbean,46,6.068,0.8737,0.80975,0.596,0.37269,0.10613,0.08877,3.22134,2016,
Malaysia,Southeastern Asia,47,6.005,1.25142,0.88025,0.62366,0.39031,0.09081,0.41473999999999994,2.35384,2016,
Nicaragua,Latin America and Caribbean,48,5.992000000000001,0.69384,0.8952100000000001,0.65213,0.46581999999999996,0.16292,0.29773,2.82428,2016,
Uzbekistan,Central and Eastern Europe,49,5.987,0.7359100000000001,1.1681,0.50163,0.60848,0.28333,0.34326,2.34638,2016,
Italy,Western Europe,50,5.977,1.35495,1.04167,0.8510200000000001,0.18827,0.02556,0.16684000000000002,2.34918,2016,
Ecuador,Latin America and Caribbean,51,5.976,0.97306,0.85974,0.68613,0.4027,0.18037,0.10074,2.77366,2016,
Belize,Latin America and Caribbean,52,5.956,0.87616,0.68655,0.45569,0.51231,0.10770999999999999,0.23684000000000002,3.08039,2016,
Japan,Eastern Asia,53,5.921,1.3800700000000001,1.06054,0.91491,0.46761,0.18985,0.10224,1.8058400000000001,2016,
Kazakhstan,Central and Eastern Europe,54,5.919,1.22943,0.95544,0.57386,0.4052,0.11132,0.15011,2.49325,2016,
Moldova,Central and Eastern Europe,55,5.897,0.69177,0.8313200000000001,0.5230899999999999,0.25201999999999997,0.019030000000000002,0.19997,3.38007,2016,
Russia,Central and Eastern Europe,56,5.856,1.2322799999999998,1.05261,0.58991,0.32682,0.03586,0.027360000000000002,2.59115,2016,
Poland,Central and Eastern Europe,57,5.835,1.24585,1.04685,0.69058,0.4519,0.055,0.14443,2.20035,2016,
South Korea,Eastern Asia,57,5.835,1.35948,0.7219399999999999,0.88645,0.25168,0.07716,0.18824000000000002,2.35015,2016,
Bolivia,Latin America and Caribbean,59,5.822,0.79422,0.8377899999999999,0.4697,0.50961,0.07746,0.21698,2.91635,2016,
Lithuania,Central and Eastern Europe,60,5.813,1.2692,1.0641100000000001,0.64674,0.18929,0.0182,0.02025,2.60525,2016,
Belarus,Central and Eastern Europe,61,5.8020000000000005,1.1306200000000002,1.04993,0.6310399999999999,0.29091,0.17457,0.13942000000000002,2.3858200000000003,2016,
North Cyprus,Western Europe,62,5.771,1.31141,0.81826,0.8414200000000001,0.43596,0.16577999999999998,0.26322,1.9344700000000001,2016,
Slovenia,Central and Eastern Europe,63,5.768,1.2994700000000001,1.05613,0.79151,0.53164,0.03635,0.25738,1.79522,2016,
Peru,Latin America and Caribbean,64,5.742999999999999,0.9960200000000001,0.81255,0.6299399999999999,0.37501999999999996,0.05292,0.14527,2.73117,2016,
Turkmenistan,Central and Eastern Europe,65,5.6579999999999995,1.08017,1.03817,0.44006000000000006,0.37408,0.28467,0.22566999999999998,2.21489,2016,
Mauritius,Sub-Saharan Africa,66,5.648,1.14372,0.75695,0.66189,0.46145,0.05202999999999999,0.36951,2.20223,2016,
Libya,Middle East and Northern Africa,67,5.615,1.0668799999999998,0.95076,0.52304,0.40671999999999997,0.10339000000000001,0.17087,2.39374,2016,
Latvia,Central and Eastern Europe,68,5.56,1.2178799999999999,0.95025,0.63952,0.27996,0.0889,0.17445,2.20859,2016,
Cyprus,Western Europe,69,5.546,1.31857,0.70697,0.8488,0.29507,0.05227999999999999,0.27906,2.04497,2016,
Paraguay,Latin America and Caribbean,70,5.537999999999999,0.8937299999999999,1.11111,0.58295,0.46235,0.07396,0.25296,2.16091,2016,
Romania,Central and Eastern Europe,71,5.528,1.1697,0.7280300000000001,0.67602,0.36712,0.006790000000000001,0.12889,2.4518400000000002,2016,
Estonia,Central and Eastern Europe,72,5.517,1.2796399999999999,1.0516299999999998,0.68098,0.41511000000000003,0.18519000000000002,0.08423,1.81985,2016,
Jamaica,Latin America and Caribbean,73,5.51,0.89333,0.96372,0.5946899999999999,0.43596999999999997,0.04294,0.22245,2.35682,2016,
Croatia,Central and Eastern Europe,74,5.4879999999999995,1.18649,0.6080899999999999,0.70524,0.23906999999999998,0.04002,0.18434,2.52462,2016,
Hong Kong,Eastern Asia,75,5.457999999999999,1.5107,0.87021,0.9527700000000001,0.48078999999999994,0.31647,0.40097,0.92614,2016,
Somalia,Sub-Saharan Africa,76,5.44,0.0,0.33613000000000004,0.11465999999999998,0.5677800000000001,0.3118,0.27225,3.8377199999999996,2016,
Kosovo,Central and Eastern Europe,77,5.401,0.90145,0.66062,0.54,0.14396,0.06547,0.27992,2.80998,2016,
Turkey,Middle East and Northern Africa,78,5.388999999999999,1.1649200000000002,0.8771700000000001,0.64718,0.23889000000000002,0.12347999999999999,0.04707,2.29074,2016,
Indonesia,Southeastern Asia,79,5.314,0.95104,0.87625,0.49373999999999996,0.39237,0.00322,0.56521,2.03171,2016,
Jordan,Middle East and Northern Africa,80,5.303,0.9967299999999999,0.86216,0.60712,0.36023,0.13297,0.14262,2.20142,2016,
Azerbaijan,Central and Eastern Europe,81,5.291,1.12373,0.76042,0.54504,0.35327,0.17914000000000002,0.0564,2.2735,2016,
Philippines,Southeastern Asia,82,5.279,0.81217,0.87877,0.47036000000000006,0.5485399999999999,0.11757000000000001,0.21674000000000002,2.23484,2016,
China,Eastern Asia,83,5.245,1.0278,0.79381,0.73561,0.44011999999999996,0.02745,0.049589999999999995,2.17087,2016,
Bhutan,Southern Asia,84,5.196000000000001,0.8527,0.9083600000000001,0.49759,0.46074,0.1616,0.48546000000000006,1.82916,2016,
Kyrgyzstan,Central and Eastern Europe,85,5.185,0.5604399999999999,0.95434,0.5544899999999999,0.40212,0.047619999999999996,0.38432,2.28136,2016,
Serbia,Central and Eastern Europe,86,5.1770000000000005,1.03437,0.81329,0.6458,0.15718,0.04339,0.20736999999999997,2.2753900000000002,2016,
Bosnia and Herzegovina,Central and Eastern Europe,87,5.162999999999999,0.9338299999999999,0.64367,0.7076600000000001,0.09511,0.0,0.29889,2.48406,2016,
Montenegro,Central and Eastern Europe,88,5.1610000000000005,1.07838,0.74173,0.6353300000000001,0.15111,0.12721,0.17190999999999998,2.2553099999999997,2016,
Dominican Republic,Latin America and Caribbean,89,5.155,1.02787,0.9949600000000001,0.5766899999999999,0.52259,0.12372000000000001,0.21286,1.6962599999999999,2016,
Morocco,Middle East and Northern Africa,90,5.151,0.8405799999999999,0.38595,0.5947100000000001,0.25645999999999997,0.08404,0.040530000000000004,2.9489099999999997,2016,
Hungary,Central and Eastern Europe,91,5.145,1.24142,0.9316399999999999,0.67608,0.1977,0.044719999999999996,0.099,1.9547299999999999,2016,
Pakistan,Southern Asia,92,5.132000000000001,0.68816,0.26135,0.40306,0.14622000000000002,0.1388,0.31185,3.18286,2016,
Lebanon,Middle East and Northern Africa,93,5.129,1.12268,0.64184,0.76171,0.26228,0.030610000000000002,0.23693000000000003,2.0733900000000003,2016,
Portugal,Western Europe,94,5.122999999999999,1.27607,0.9436700000000001,0.7936300000000001,0.44727,0.01521,0.11690999999999999,1.53015,2016,
Macedonia,Central and Eastern Europe,95,5.121,1.0193,0.78236,0.6473800000000001,0.27668000000000004,0.07047,0.23506999999999997,2.08947,2016,
Vietnam,Southeastern Asia,96,5.061,0.74037,0.7911699999999999,0.66157,0.5595399999999999,0.11556,0.25075,1.9418,2016,
Somaliland Region,Sub-Saharan Africa,97,5.0569999999999995,0.25558000000000003,0.75862,0.33108000000000004,0.3913,0.36794,0.51479,2.43801,2016,
Tunisia,Middle East and Northern Africa,98,5.045,0.97724,0.43165,0.59577,0.23553000000000002,0.0817,0.03936,2.68413,2016,
Greece,Western Europe,99,5.033,1.24886,0.75473,0.80029,0.05822000000000001,0.04127,0.0,2.12944,2016,
Tajikistan,Central and Eastern Europe,100,4.996,0.48835,0.75602,0.5311899999999999,0.43408,0.13509000000000002,0.25998000000000004,2.39106,2016,
Mongolia,Eastern Asia,101,4.907,0.9885299999999999,1.0898299999999999,0.55469,0.35972,0.03285,0.34539000000000003,1.53586,2016,
Laos,Southeastern Asia,102,4.876,0.68042,0.5497,0.38291,0.52168,0.22423,0.43078999999999995,2.08637,2016,
Nigeria,Sub-Saharan Africa,103,4.875,0.75216,0.64498,0.05108,0.27854,0.0305,0.23219,2.8858599999999996,2016,
Honduras,Latin America and Caribbean,104,4.871,0.69429,0.7559600000000001,0.5838300000000001,0.26755,0.06906,0.2044,2.2955099999999997,2016,
Iran,Middle East and Northern Africa,105,4.813,1.11758,0.38856999999999997,0.64232,0.22544,0.0557,0.38538,1.99817,2016,
Zambia,Sub-Saharan Africa,106,4.795,0.61202,0.6376,0.23573000000000002,0.42662,0.11479,0.17865999999999999,2.5899099999999997,2016,
Nepal,Southern Asia,107,4.793,0.44626000000000005,0.69699,0.50073,0.37012,0.07007999999999999,0.3816,2.32694,2016,
Palestinian Territories,Middle East and Northern Africa,108,4.754,0.67024,0.71629,0.56844,0.17744000000000001,0.10613,0.11154000000000001,2.40364,2016,
Albania,Central and Eastern Europe,109,4.655,0.9553,0.50163,0.73007,0.31866,0.05301,0.1684,1.9281599999999999,2016,
Bangladesh,Southern Asia,110,4.643,0.54177,0.24749000000000002,0.52989,0.39778,0.12583,0.19132000000000002,2.6090400000000002,2016,
Sierra Leone,Sub-Saharan Africa,111,4.635,0.36485,0.628,0.0,0.30685,0.08196,0.23897,3.01402,2016,
Iraq,Middle East and Northern Africa,112,4.575,1.07474,0.59205,0.51076,0.24856,0.13635999999999998,0.19589,1.81657,2016,
Namibia,Sub-Saharan Africa,113,4.574,0.9328700000000001,0.70362,0.34745,0.48613999999999996,0.10397999999999999,0.07795,1.92198,2016,
Cameroon,Sub-Saharan Africa,114,4.513,0.5249699999999999,0.62542,0.12697999999999998,0.42736,0.06126,0.2268,2.5198,2016,
Ethiopia,Sub-Saharan Africa,115,4.508,0.29283000000000003,0.37932,0.34578000000000003,0.36703,0.1717,0.29522,2.65614,2016,
South Africa,Sub-Saharan Africa,116,4.459,1.02416,0.9605299999999999,0.18611,0.42483000000000004,0.08415,0.13656,1.6422700000000001,2016,
Sri Lanka,Southern Asia,117,4.415,0.9731799999999999,0.84783,0.62007,0.50817,0.07964,0.46978000000000003,0.91681,2016,
India,Southern Asia,118,4.404,0.74036,0.29247,0.45091000000000003,0.40285,0.08722,0.25028,2.18032,2016,
Myanmar,Southeastern Asia,119,4.395,0.34112,0.69981,0.3988,0.42691999999999997,0.20243,0.81971,1.50655,2016,
Egypt,Middle East and Northern Africa,120,4.362,0.95395,0.49813,0.5211600000000001,0.18847,0.10393,0.12705999999999998,1.96895,2016,
Armenia,Central and Eastern Europe,121,4.36,0.8608600000000001,0.6247699999999999,0.64083,0.14037,0.036160000000000005,0.07793,1.9786400000000002,2016,
Kenya,Sub-Saharan Africa,122,4.356,0.52267,0.7624,0.30146999999999996,0.40576,0.06686,0.41328000000000004,1.88326,2016,
Ukraine,Central and Eastern Europe,123,4.324,0.87287,1.01413,0.58628,0.12859,0.01829,0.20363,1.50066,2016,
Ghana,Sub-Saharan Africa,124,4.276,0.63107,0.49353,0.29681,0.40973000000000004,0.0326,0.21203000000000002,2.2002,2016,
Congo (Kinshasa),Sub-Saharan Africa,125,4.272,0.05661,0.80676,0.188,0.15602,0.06075,0.25458000000000003,2.7492400000000004,2016,
Georgia,Central and Eastern Europe,126,4.252,0.8379200000000001,0.19249000000000002,0.64035,0.32461,0.3188,0.06786,1.87031,2016,
Congo (Brazzaville),Sub-Saharan Africa,127,4.236000000000001,0.7710899999999999,0.47798999999999997,0.28212,0.37938,0.09752999999999999,0.12077,2.10681,2016,
Senegal,Sub-Saharan Africa,128,4.218999999999999,0.44314,0.7741600000000001,0.40457,0.31056,0.11681,0.19103,1.9786099999999998,2016,
Bulgaria,Central and Eastern Europe,129,4.217,1.11306,0.92542,0.67806,0.21219000000000002,0.00615,0.12793,1.15377,2016,
Mauritania,Sub-Saharan Africa,130,4.2010000000000005,0.6139100000000001,0.8414200000000001,0.28639000000000003,0.1268,0.17955,0.22685999999999998,1.9263,2016,
Zimbabwe,Sub-Saharan Africa,131,4.1930000000000005,0.35041,0.71478,0.1595,0.25429,0.08582000000000001,0.18503,2.4427,2016,
Malawi,Sub-Saharan Africa,132,4.156000000000001,0.08709,0.147,0.29364,0.4143,0.07564,0.30968,2.82859,2016,
Sudan,Sub-Saharan Africa,133,4.138999999999999,0.63069,0.8192799999999999,0.29759,0.0,0.10039,0.18077000000000001,2.10995,2016,
Gabon,Sub-Saharan Africa,134,4.121,1.15851,0.72368,0.3494,0.28098,0.09314,0.062439999999999996,1.4533200000000002,2016,
Mali,Sub-Saharan Africa,135,4.073,0.31292,0.8633299999999999,0.16347,0.27544,0.13647,0.21064000000000002,2.1108700000000002,2016,
Haiti,Latin America and Caribbean,136,4.0280000000000005,0.34097,0.29561,0.27494,0.12072000000000001,0.14476,0.47958,2.3711599999999997,2016,
Botswana,Sub-Saharan Africa,137,3.9739999999999998,1.09426,0.89186,0.34752,0.44088999999999995,0.10769000000000001,0.12425,0.96741,2016,
Comoros,Sub-Saharan Africa,138,3.9560000000000004,0.27509,0.60323,0.29980999999999997,0.15412,0.18437,0.1827,2.25632,2016,
Ivory Coast,Sub-Saharan Africa,139,3.9160000000000004,0.55507,0.57576,0.04476,0.40663,0.1553,0.20338,1.97478,2016,
Cambodia,Southeastern Asia,140,3.907,0.55604,0.5375,0.42494,0.5885199999999999,0.08092,0.40339,1.3157299999999998,2016,
Angola,Sub-Saharan Africa,141,3.866,0.84731,0.66366,0.04991,0.00589,0.08434,0.12070999999999998,2.09459,2016,
Niger,Sub-Saharan Africa,142,3.8560000000000003,0.1327,0.6053,0.26161999999999996,0.38040999999999997,0.17176,0.2097,2.09469,2016,
South Sudan,Sub-Saharan Africa,143,3.832,0.39394,0.18519000000000002,0.15780999999999998,0.19662000000000002,0.13015,0.25899,2.50929,2016,
Chad,Sub-Saharan Africa,144,3.763,0.42213999999999996,0.63178,0.038239999999999996,0.12807000000000002,0.04952,0.18667,2.3063700000000003,2016,
Burkina Faso,Sub-Saharan Africa,145,3.739,0.31995,0.63054,0.21297,0.3337,0.12533,0.24353000000000002,1.8731900000000001,2016,
Uganda,Sub-Saharan Africa,145,3.739,0.34719,0.90981,0.19625,0.43653000000000003,0.06442,0.27102,1.51416,2016,
Yemen,Middle East and Northern Africa,147,3.7239999999999998,0.57939,0.47493,0.31048000000000003,0.2287,0.05892000000000001,0.09821,1.97295,2016,
Madagascar,Sub-Saharan Africa,148,3.695,0.27954,0.46115,0.37109000000000003,0.13684000000000002,0.07506,0.2204,2.15075,2016,
Tanzania,Sub-Saharan Africa,149,3.6660000000000004,0.47155,0.77623,0.35700000000000004,0.3176,0.05099,0.31472,1.3776899999999999,2016,
Liberia,Sub-Saharan Africa,150,3.622,0.10705999999999999,0.50353,0.23165,0.25748000000000004,0.04852,0.24063,2.23284,2016,
Guinea,Sub-Saharan Africa,151,3.6069999999999998,0.22415,0.3109,0.18829,0.30953,0.1192,0.29914,2.15604,2016,
Rwanda,Sub-Saharan Africa,152,3.515,0.32846,0.6158600000000001,0.31865,0.5432,0.50521,0.23551999999999998,0.96819,2016,
Benin,Sub-Saharan Africa,153,3.484,0.39499,0.10419,0.21028000000000002,0.39747,0.06681000000000001,0.2018,2.10812,2016,
Afghanistan,Southern Asia,154,3.36,0.38227,0.11037000000000001,0.17344,0.1643,0.07112,0.31268,2.14558,2016,
Togo,Sub-Saharan Africa,155,3.303,0.28123000000000004,0.0,0.24811,0.34678000000000003,0.11587,0.17517,2.1354,2016,
Syria,Middle East and Northern Africa,156,3.069,0.7471899999999999,0.14866,0.6299399999999999,0.06912,0.17232999999999998,0.48396999999999996,0.81789,2016,
Burundi,Sub-Saharan Africa,157,2.905,0.06831,0.23442,0.15747,0.0432,0.09419,0.2029,2.1040400000000004,2016,
Norway,,1,7.537000179290769,1.6164631843566901,1.53352355957031,0.796666502952576,0.635422587394714,0.31596383452415505,0.36201223731041,2.27702665328979,2017,
Denmark,,2,7.52199983596802,1.48238301277161,1.55112159252167,0.7925655245780941,0.626006722450256,0.40077006816863997,0.3552804887294771,2.31370735168457,2017,
Iceland,,3,7.50400018692017,1.480633020401,1.6105740070343,0.8335521221160892,0.6271626353263849,0.15352655947208402,0.47554022073745705,2.32271528244019,2017,
Switzerland,,4,7.49399995803833,1.5649795532226598,1.51691174507141,0.858131289482117,0.620070576667786,0.36700728535652205,0.29054927825927696,2.2767162322998,2017,
Finland,,5,7.468999862670901,1.44357192516327,1.5402467250824,0.80915766954422,0.6179508566856379,0.38261154294014,0.24548277258873,2.4301815032958998,2017,
Netherlands,,6,7.3769998550415,1.50394463539124,1.42893922328949,0.8106961250305179,0.5853844881057739,0.282661825418472,0.47048982977867104,2.29480409622192,2017,
Canada,,7,7.31599998474121,1.47920441627502,1.48134899139404,0.83455765247345,0.611100912094116,0.287371516227722,0.435539722442627,2.18726444244385,2017,
New Zealand,,8,7.31400012969971,1.40570604801178,1.54819512367249,0.816759705543518,0.6140621304512021,0.38281670212745705,0.500005125999451,2.0464563369751,2017,
Sweden,,9,7.28399991989136,1.49438726902008,1.47816216945648,0.830875158309937,0.612924098968506,0.384398728609085,0.38539925217628496,2.09753799438477,2017,
Australia,,10,7.28399991989136,1.4844149351120002,1.5100419521331798,0.84388679265976,0.601607382297516,0.301183730363846,0.47769924998283403,2.06521081924438,2017,
Israel,,11,7.212999820709231,1.3753824234008798,1.37628996372223,0.83840399980545,0.40598860383033797,0.0852421000599861,0.330082654953003,2.80175733566284,2017,
Costa Rica,,12,7.0789999961853,1.10970628261566,1.4164036512374898,0.7595092654228209,0.580131649971008,0.100106589496136,0.21461322903633104,2.89863920211792,2017,
Austria,,13,7.00600004196167,1.4870972633361799,1.4599449634552,0.8153284192085269,0.567766189575195,0.22106036543846105,0.316472321748734,2.1385064125061004,2017,
United States,,14,6.993000030517581,1.54625928401947,1.4199205636978103,0.7742866277694699,0.505740523338318,0.135638788342476,0.392578780651093,2.2181134223937997,2017,
Ireland,,15,6.9770002365112305,1.5357066392898602,1.5582311153411899,0.8097826242446899,0.5731103420257571,0.29838815331459007,0.42785832285881,1.77386903762817,2017,
Germany,,16,6.9510002136230495,1.48792338371277,1.47252035140991,0.798950731754303,0.562511384487152,0.276731938123703,0.33626917004585305,2.01576995849609,2017,
Belgium,,17,6.89099979400635,1.4637807607650801,1.4623126983642598,0.8180918693542479,0.5397707223892211,0.251343131065369,0.23150333762168898,2.12421035766602,2017,
Luxembourg,,18,6.86299991607666,1.74194359779358,1.45758366584778,0.845089495182037,0.59662789106369,0.31883442401886,0.283180981874466,1.61951208114624,2017,
United Kingdom,,19,6.71400022506714,1.44163393974304,1.4964600801467902,0.805335938930511,0.508190035820007,0.265428066253662,0.492774158716202,1.7041435241699199,2017,
Chile,,20,6.65199995040894,1.25278460979462,1.28402495384216,0.8194797039031979,0.376895278692245,0.0822879821062088,0.3266624212265011,2.5095858573913596,2017,
United Arab Emirates,,21,6.6479997634887695,1.6263433694839498,1.2664102315902699,0.726798236370087,0.60834527015686,0.324489563703537,0.3609419465065,1.734703540802,2017,
Brazil,,22,6.6350002288818395,1.1073532104492199,1.43130600452423,0.6165523529052729,0.437453746795654,0.11109276115894301,0.16234989464282998,2.7692670822143595,2017,
Czech Republic,,23,6.60900020599365,1.35268235206604,1.4338852167129499,0.754444003105164,0.49094617366790794,0.0368729270994663,0.0881067588925362,2.45186185836792,2017,
Argentina,,24,6.59899997711182,1.18529546260834,1.44045114517212,0.695137083530426,0.49451920390129106,0.05973988771438599,0.109457060694695,2.61400532722473,2017,
Mexico,,25,6.57800006866455,1.1531838178634601,1.2108621597290001,0.709978997707367,0.412730008363724,0.132774114608765,0.12099043279886199,2.8371548652648904,2017,
Singapore,,26,6.57200002670288,1.69227766990662,1.35381436347961,0.9494923949241642,0.549840569496155,0.46430778503417997,0.345965981483459,1.2163619995117199,2017,
Malta,,27,6.52699995040894,1.34327983856201,1.48841166496277,0.821944236755371,0.588767051696777,0.153066068887711,0.5747305750846861,1.55686283111572,2017,
Uruguay,,28,6.4539999961853,1.2175596952438401,1.4122278690338101,0.719216823577881,0.5793922543525699,0.17806187272071802,0.175096929073334,2.17240953445435,2017,
Guatemala,,29,6.4539999961853,0.872001945972443,1.25558519363403,0.540239989757538,0.5313106179237371,0.0772232785820961,0.283488392829895,2.89389109611511,2017,
Panama,,30,6.4520001411438,1.23374843597412,1.3731925487518302,0.706156134605408,0.550026834011078,0.070983923971653,0.21055693924427,2.30719995498657,2017,
France,,31,6.44199991226196,1.43092346191406,1.38777685165405,0.8444658517837521,0.470222115516663,0.172502428293228,0.129762306809425,2.00595474243164,2017,
Thailand,,32,6.4239997863769505,1.12786877155304,1.4257924556732198,0.647239029407501,0.580200731754303,0.0316127352416515,0.572123110294342,2.03950834274292,2017,
Taiwan Province of China,,33,6.42199993133545,1.4336265325546298,1.38456535339355,0.793984234333038,0.361466586589813,0.0638292357325554,0.258360475301743,2.1266074180603,2017,
Spain,,34,6.40299987792969,1.38439786434174,1.53209090232849,0.888960599899292,0.408781230449677,0.0709140971302986,0.190133571624756,1.92775774002075,2017,
Qatar,,35,6.375,1.8707656860351598,1.27429687976837,0.7100980877876278,0.604130983352661,0.43929925560951205,0.33047387003898604,1.1454644203186002,2017,
Colombia,,36,6.35699987411499,1.07062232494354,1.4021829366683998,0.595027923583984,0.47748741507530196,0.0466687418520451,0.14901447296142598,2.6160681247711204,2017,
Saudi Arabia,,37,6.343999862670901,1.53062355518341,1.28667759895325,0.590148329734802,0.449750572443008,0.27343225479126004,0.147616013884544,2.0654296875,2017,
Trinidad and Tobago,,38,6.1680002212524405,1.36135590076447,1.3802285194397,0.5199832916259771,0.518630743026733,0.00896481610834599,0.32529646158218395,2.0532474517822297,2017,
Kuwait,,39,6.10500001907349,1.63295245170593,1.25969874858856,0.6321057081222529,0.49633759260177596,0.21515955030918102,0.228289797902107,1.64042520523071,2017,
Slovakia,,40,6.09800004959106,1.32539355754852,1.5050592422485398,0.712732911109924,0.295817464590073,0.0242108516395092,0.136544480919838,2.09777665138245,2017,
Bahrain,,41,6.08699989318848,1.4884122610092199,1.3231104612350502,0.653133034706116,0.536746919155121,0.257042169570923,0.17266848683357197,1.65614938735962,2017,
Malaysia,,42,6.08400011062622,1.29121541976929,1.28464603424072,0.618784427642822,0.40226498246192893,0.0656007081270218,0.416608929634094,2.00444889068604,2017,
Nicaragua,,43,6.07100009918213,0.737299203872681,1.28721570968628,0.6530959606170649,0.447551846504211,0.130687981843948,0.301674216985703,2.51393055915833,2017,
Ecuador,,44,6.00799989700317,1.00082039833069,1.2861688137054401,0.685636222362518,0.4551981985569,0.140134647488594,0.15011246502399403,2.29035258293152,2017,
El Salvador,,45,6.002999782562259,0.9097844958305359,1.1821250915527302,0.596018552780151,0.432452529668808,0.0899809598922729,0.0782579854130745,2.7145938873291002,2017,
Poland,,46,5.97300004959106,1.29178786277771,1.44571197032928,0.699475347995758,0.520342111587524,0.0593078061938286,0.158465966582298,1.7977228164672898,2017,
Uzbekistan,,47,5.97100019454956,0.786441087722778,1.5489691495895401,0.498272627592087,0.6582486629486078,0.246528223156929,0.41598364710807795,1.8169136047363301,2017,
Italy,,48,5.96400022506714,1.3950666189193701,1.44492328166962,0.8531443476676941,0.256450712680817,0.0280280914157629,0.17278964817523998,1.81331205368042,2017,
Russia,,49,5.962999820709231,1.28177809715271,1.46928238868713,0.547349333763123,0.373783111572266,0.0329628810286522,0.0522638224065304,2.20560741424561,2017,
Belize,,50,5.955999851226809,0.907975316047668,1.0814177989959701,0.45019176602363603,0.5475093722343439,0.0965810716152191,0.24001564085483604,2.63195562362671,2017,
Japan,,51,5.92000007629395,1.41691517829895,1.43633782863617,0.9134758710861209,0.505625545978546,0.163760736584663,0.12057276815175999,1.36322355270386,2017,
Lithuania,,52,5.90199995040894,1.3145823478698702,1.47351610660553,0.62894994020462,0.234231784939766,0.0118656428530812,0.010164656676352,2.22844052314758,2017,
Algeria,,53,5.872000217437741,1.09186446666718,1.1462174654007,0.6175846457481379,0.233335807919502,0.14609611034393302,0.0694366469979286,2.5676038265228303,2017,
Latvia,,54,5.849999904632571,1.26074862480164,1.40471494197845,0.638566970825195,0.32570791244506797,0.0738427266478539,0.153074786067009,1.9936552047729499,2017,
South Korea,,55,5.837999820709231,1.40167844295502,1.1282744407653797,0.900214076042175,0.257921665906906,0.0632826685905457,0.206674367189407,1.8803780078887902,2017,
Moldova,,56,5.837999820709231,0.7288706302642819,1.25182557106018,0.5894652009010309,0.24072904884815197,0.0100912861526012,0.20877912640571603,2.80780839920044,2017,
Romania,,57,5.824999809265139,1.21768391132355,1.15009129047394,0.6851583123207089,0.457003742456436,0.0043879006989300294,0.133519917726517,2.17683148384094,2017,
Bolivia,,58,5.82299995422363,0.833756566047668,1.2276190519332901,0.47363024950027505,0.5587329268455511,0.0604777261614799,0.22556072473526,2.4432790279388397,2017,
Turkmenistan,,59,5.82200002670288,1.1307767629623402,1.49314916133881,0.437726080417633,0.41827192902565,0.25927034020423895,0.24992498755454998,1.83290982246399,2017,
Kazakhstan,,60,5.8189997673034695,1.2845562696456898,1.3843690156936599,0.6060415506362921,0.43745428323745705,0.11928288638591802,0.20196442306041698,1.7848925590515101,2017,
North Cyprus,,61,5.80999994277954,1.3469113111496,1.18630337715149,0.834647238254547,0.47120362520217896,0.155353352427483,0.266845703125,1.5491576194763201,2017,
Slovenia,,62,5.75799989700317,1.3412059545516999,1.4525188207626298,0.7908282279968258,0.572575807571411,0.0451289787888527,0.242649093270302,1.31331729888916,2017,
Peru,,63,5.71500015258789,1.0352252721786501,1.21877038478851,0.6301661133766171,0.45000287890434293,0.0470490865409374,0.126819714903831,2.2072694301605202,2017,
Mauritius,,64,5.62900018692017,1.1893955469131499,1.20956099033356,0.6380074620246889,0.491247326135635,0.0421815551817417,0.360933750867844,1.6975839138031,2017,
Cyprus,,65,5.62099981307983,1.3559380769729599,1.13136327266693,0.84471470117569,0.35511153936386103,0.0412379764020443,0.271254301071167,1.62124919891357,2017,
Estonia,,66,5.61100006103516,1.3208793401718102,1.47667109966278,0.695168316364288,0.479131430387497,0.18324892222881303,0.0988908112049103,1.35750865936279,2017,
Belarus,,67,5.5689997673034695,1.15655755996704,1.4449452161788898,0.6377142667770389,0.295400261878967,0.156313821673393,0.15513750910759,1.72323298454285,2017,
Libya,,68,5.525000095367429,1.1018030643463101,1.3575643301010099,0.520169019699097,0.465733230113983,0.0926102101802826,0.15207366645336198,1.8350112438201898,2017,
Turkey,,69,5.5,1.1982743740081798,1.33775317668915,0.6376056075096129,0.300740599632263,0.0996715798974037,0.0466930419206619,1.87927794456482,2017,
Paraguay,,70,5.493000030517581,0.932537317276001,1.50728487968445,0.579250693321228,0.473507791757584,0.091065913438797,0.224150657653809,1.6853334903716999,2017,
"Hong Kong S.A.R., China",,71,5.47200012207031,1.55167484283447,1.26279091835022,0.943062424659729,0.490968644618988,0.29393374919891396,0.374465793371201,0.554633140563965,2017,
Philippines,,72,5.42999982833862,0.85769921541214,1.25391757488251,0.46800905466079706,0.585214674472809,0.0993318930268288,0.193513423204422,1.9726047515869098,2017,
Serbia,,73,5.39499998092651,1.06931757926941,1.2581897974014298,0.65078467130661,0.20871552824974102,0.0409037806093693,0.22012588381767298,1.94708442687988,2017,
Jordan,,74,5.33599996566772,0.9910123944282528,1.2390888929367099,0.6045900583267211,0.418421149253845,0.11980327218771002,0.17217046022415197,1.79117655754089,2017,
Hungary,,75,5.32399988174438,1.2860119342803997,1.34313309192657,0.6877634525299069,0.17586351931095098,0.0366369374096394,0.0784016624093056,1.7164592742919902,2017,
Jamaica,,76,5.31099987030029,0.925579309463501,1.3682180643081698,0.6410223841667181,0.474307239055634,0.0552677810192108,0.23381833732128102,1.61232566833496,2017,
Croatia,,77,5.2930002212524405,1.22255623340607,0.9679830074310299,0.701288521289825,0.255772292613983,0.0431031100451946,0.248002976179123,1.85449242591858,2017,
Kosovo,,78,5.27899980545044,0.951484382152557,1.1378535032272301,0.541452050209045,0.260287940502167,0.0574716180562973,0.319931447505951,2.0105407238006596,2017,
China,,79,5.2729997634887695,1.08116579055786,1.16083741188049,0.741415500640869,0.47278770804405196,0.0227942746132612,0.0288068410009146,1.76493859291077,2017,
Pakistan,,80,5.26900005340576,0.7268835306167599,0.6726906895637509,0.40204778313636796,0.23521526157856,0.12434806674718901,0.31544601917266807,2.7924892902374303,2017,
Indonesia,,81,5.26200008392334,0.995538592338562,1.2744446992874099,0.49234572052955605,0.443323463201523,0.0153171354904771,0.611704587936401,1.42947697639465,2017,
Venezuela,,82,5.25,1.12843120098114,1.43133759498596,0.617144227027893,0.15399712324142498,0.0644911229610443,0.0650196298956871,1.78946375846863,2017,
Montenegro,,83,5.23699998855591,1.12112903594971,1.23837649822235,0.6674646735191351,0.194989055395126,0.0881741940975189,0.197911024093628,1.72919154167175,2017,
Morocco,,84,5.2350001335144,0.8781145811080929,0.774864435195923,0.59771066904068,0.408158332109451,0.0877631828188896,0.0322099551558495,2.45618939399719,2017,
Azerbaijan,,85,5.234000205993651,1.1536017656326298,1.15240025520325,0.5407757759094239,0.39815583825111406,0.180987507104874,0.0452693402767181,1.7624816894531203,2017,
Dominican Republic,,86,5.230000019073491,1.07937383651733,1.4024167060852097,0.574873745441437,0.55258983373642,0.113945253193378,0.186967849731445,1.3194651603698702,2017,
Greece,,87,5.2270002365112305,1.28948748111725,1.23941457271576,0.8101989030838009,0.0957312509417534,0.043289776891470004,0.0,1.74922156333923,2017,
Lebanon,,88,5.22499990463257,1.07498753070831,1.1296242475509601,0.7350810766220089,0.28851598501205394,0.037513829767704,0.26445075869560203,1.69507384300232,2017,
Portugal,,89,5.19500017166138,1.3151752948761002,1.36704301834106,0.795843541622162,0.498465299606323,0.0158694516867399,0.0951027125120163,1.10768270492554,2017,
Bosnia and Herzegovina,,90,5.18200016021729,0.982409417629242,1.0693359375,0.705186307430267,0.204403176903725,0.0,0.328867495059967,1.89217257499695,2017,
Honduras,,91,5.1810002326965305,0.730573117733002,1.14394497871399,0.582569479942322,0.348079860210419,0.0733454525470734,0.23618887364864302,2.0658111572265603,2017,
Macedonia,,92,5.175000190734861,1.06457793712616,1.20789301395416,0.644948184490204,0.325905978679657,0.0602777935564518,0.25376096367836,1.6174693107605,2017,
Somalia,,93,5.151000022888179,0.0226431842893362,0.7211513519287109,0.11398913711309401,0.602126955986023,0.28241032361984303,0.291631311178207,3.11748456954956,2017,
Vietnam,,94,5.07399988174438,0.7885475754737851,1.27749133110046,0.6521689891815191,0.571055591106415,0.0876332372426987,0.23496805131435397,1.46231865882874,2017,
Nigeria,,95,5.07399988174438,0.783756256103516,1.21577048301697,0.0569157302379608,0.394952565431595,0.0261215660721064,0.23094719648361198,2.36539053916931,2017,
Tajikistan,,96,5.04099988937378,0.524713635444641,1.27146327495575,0.5292351245880129,0.47156670689582797,0.14637714624404902,0.24899764358997303,1.8490493297576898,2017,
Bhutan,,97,5.01100015640259,0.885416388511658,1.3401265144348102,0.495879292488098,0.5015376806259161,0.17338038980960802,0.474054545164108,1.14018440246582,2017,
Kyrgyzstan,,98,5.0040001869201705,0.5962200760841371,1.39423859119415,0.553457796573639,0.454943388700485,0.0394391790032387,0.42858037352562,1.5367231369018601,2017,
Nepal,,99,4.961999893188481,0.479820191860199,1.17928326129913,0.504130780696869,0.44030594825744607,0.0729755461215973,0.39409616589546204,1.8912410736084,2017,
Mongolia,,100,4.95499992370605,1.0272358655929599,1.4930112361908001,0.557783484458923,0.39414396882057207,0.0329022891819477,0.338464230298996,1.1112923622131299,2017,
South Africa,,101,4.8289999961853,1.05469870567322,1.38478863239288,0.18708007037639604,0.479246735572815,0.0725094974040985,0.13936237990856198,1.51090860366821,2017,
Tunisia,,102,4.80499982833862,1.00726580619812,0.8683514595031742,0.613212049007416,0.289680689573288,0.0867231488227844,0.0496933571994305,1.8902511596679699,2017,
Palestinian Territories,,103,4.77500009536743,0.716249227523804,1.1556471586227401,0.565666973590851,0.25471106171608,0.0892826020717621,0.114173173904419,1.8788902759552,2017,
Egypt,,104,4.7350001335144,0.989701807498932,0.997471392154694,0.520187258720398,0.28211015462875394,0.114381365478039,0.128631442785263,1.70216107368469,2017,
Bulgaria,,105,4.71400022506714,1.1614590883255,1.4343794584274299,0.708217680454254,0.28923171758651695,0.0110515309497714,0.113177694380283,0.996139287948608,2017,
Sierra Leone,,106,4.70900011062622,0.36842092871666,0.984136044979095,0.005564753897488121,0.318697690963745,0.0710951760411263,0.293040901422501,2.66845989227295,2017,
Cameroon,,107,4.69500017166138,0.564305365085602,0.946018218994141,0.132892116904259,0.430388748645782,0.0513066314160824,0.23629845678806302,2.3336455821991,2017,
Iran,,108,4.69199991226196,1.15687310695648,0.7115512490272521,0.639333188533783,0.24932260811328896,0.048761073499918005,0.387242913246155,1.49873495101929,2017,
Albania,,109,4.64400005340576,0.996192753314972,0.8036852478981021,0.731159746646881,0.381498634815216,0.0398642159998417,0.20131294429302202,1.49044156074524,2017,
Bangladesh,,110,4.60799980163574,0.586682975292206,0.735131740570068,0.533241033554077,0.478356659412384,0.123717859387398,0.17225535213947304,1.9787361621856698,2017,
Namibia,,111,4.57399988174438,0.964434325695038,1.0984708070755,0.33861181139946,0.520303547382355,0.0931469723582268,0.0771337449550629,1.4818902015686002,2017,
Kenya,,112,4.55299997329712,0.560479462146759,1.0679507255554201,0.30998834967613204,0.45276376605033897,0.0646413192152977,0.444860309362411,1.6519021987915001,2017,
Mozambique,,113,4.550000190734861,0.23430564999580397,0.870701014995575,0.10665443539619399,0.48079109191894503,0.17943638563156103,0.322228103876114,2.3556509017944305,2017,
Myanmar,,114,4.54500007629395,0.36711055040359497,1.12323594093323,0.397522568702698,0.514492034912109,0.188816204667091,0.8380751609802249,1.11529040336609,2017,
Senegal,,115,4.53499984741211,0.479309022426605,1.17969191074371,0.409362852573395,0.37792226672172496,0.11546044796705199,0.183468893170357,1.78964614868164,2017,
Zambia,,116,4.513999938964839,0.6364067792892459,1.00318729877472,0.25783589482307395,0.461603492498398,0.0782135501503944,0.249580144882202,1.82670545578003,2017,
Iraq,,117,4.49700021743774,1.1027104854583702,0.978613197803497,0.501180469989777,0.288555532693863,0.10721575468778599,0.19963726401329,1.31890726089478,2017,
Gabon,,118,4.46500015258789,1.1982102394104,1.1556202173233001,0.35657858848571794,0.31232857704162603,0.0760467872023582,0.0437853783369064,1.3229162693023702,2017,
Ethiopia,,119,4.46000003814697,0.339233845472336,0.8646692037582401,0.35340970754623396,0.408842742443085,0.16545571386814098,0.31265074014663696,2.01574373245239,2017,
Sri Lanka,,120,4.44000005722046,1.00985014438629,1.25997638702393,0.625130832195282,0.561213254928589,0.0736539661884308,0.49086356163024897,0.41938924789428705,2017,
Armenia,,121,4.37599992752075,0.900596737861633,1.00748372077942,0.637524425983429,0.198303267359734,0.0266744215041399,0.0834880918264389,1.5214991569518999,2017,
India,,122,4.31500005722046,0.7922212481498722,0.754372596740723,0.455427616834641,0.469987004995346,0.0922268852591515,0.23153848946094502,1.5191171169281,2017,
Mauritania,,123,4.29199981689453,0.6484572887420649,1.2720308303833001,0.285349279642105,0.0960980430245399,0.136957004666328,0.201870024204254,1.65163731575012,2017,
Congo (Brazzaville),,124,4.29099988937378,0.8089642524719242,0.8320443630218509,0.28995743393898,0.4350258708000179,0.0796181336045265,0.12085212767124198,1.7241356372833299,2017,
Georgia,,125,4.28599977493286,0.950612664222717,0.57061493396759,0.649546980857849,0.309410035610199,0.25166663527488703,0.0540088154375553,1.50013780593872,2017,
Congo (Kinshasa),,126,4.2800002098083505,0.0921023488044739,1.22902345657349,0.191407024860382,0.235961347818375,0.0602413564920425,0.246455833315849,2.22495865821838,2017,
Mali,,127,4.19000005722046,0.476180493831635,1.2814733982086202,0.16936567425727803,0.306613743305206,0.10497024655342098,0.183354198932648,1.66819095611572,2017,
Ivory Coast,,128,4.17999982833862,0.6030489206314089,0.904780030250549,0.0486421696841717,0.4477061927318571,0.130061775445938,0.201237469911575,1.84496426582336,2017,
Cambodia,,129,4.1680002212524405,0.6017650961875921,1.00623834133148,0.429783403873444,0.633375823497772,0.0681059509515762,0.385922968387604,1.04294109344482,2017,
Sudan,,130,4.138999938964839,0.6595166921615601,1.21400856971741,0.290920823812485,0.0149958552792668,0.089847519993782,0.182317450642586,1.6870658397674598,2017,
Ghana,,131,4.11999988555908,0.667224824428558,0.873664736747742,0.29563772678375205,0.423026293516159,0.0253363698720932,0.25692394375801103,1.57786750793457,2017,
Ukraine,,132,4.09600019454956,0.89465194940567,1.39453756809235,0.575903952121735,0.12297477573156401,0.0230294708162546,0.270061463117599,0.8143823146820072,2017,
Uganda,,133,4.08099985122681,0.381430715322495,1.12982773780823,0.21763260662555703,0.443185955286026,0.057069718837738,0.32576605677604703,1.526362657547,2017,
Burkina Faso,,134,4.03200006484985,0.35022771358490007,1.04328000545502,0.21584425866603896,0.32436785101890603,0.12032810598611803,0.250864684581757,1.72721290588379,2017,
Niger,,135,4.02799987792969,0.16192533075809498,0.993025004863739,0.26850500702858,0.36365869641304,0.13857294619083402,0.22867384552955602,1.87398338317871,2017,
Malawi,,136,3.97000002861023,0.233442038297653,0.5125688314437871,0.315089583396912,0.466914653778076,0.0727116540074348,0.28717046976089505,2.08178615570068,2017,
Chad,,137,3.9360001087188703,0.43801298737525896,0.953855872154236,0.0411347150802612,0.16234202682972002,0.0535818822681904,0.21611385047435802,2.07123804092407,2017,
Zimbabwe,,138,3.875,0.37584653496742204,1.08309590816498,0.19676375389099102,0.336384207010269,0.0953753814101219,0.189143493771553,1.59797024726868,2017,
Lesotho,,139,3.80800008773804,0.521021246910095,1.19009518623352,0.0,0.390661299228668,0.119094640016556,0.157497271895409,1.42983531951904,2017,
Angola,,140,3.79500007629395,0.8584281802177429,1.1044119596481299,0.0498686656355858,0.0,0.0697203353047371,0.09792649000883098,1.6144824028015101,2017,
Afghanistan,,141,3.7939999103546103,0.401477217674255,0.581543326377869,0.18074677884578697,0.106179520487785,0.0611578300595284,0.311870932579041,2.15080118179321,2017,
Botswana,,142,3.7660000324249303,1.12209415435791,1.2215549945831299,0.34175550937652605,0.505196332931519,0.0985831990838051,0.0993484482169151,0.37791371345520003,2017,
Benin,,143,3.65700006484985,0.43108540773391707,0.43529984354972795,0.20993021130561804,0.42596277594566295,0.0609290152788162,0.207948461174965,1.88563096523285,2017,
Madagascar,,144,3.64400005340576,0.305808693170547,0.9130203723907471,0.375223308801651,0.18919676542282102,0.0672319754958153,0.208732530474663,1.58461260795593,2017,
Haiti,,145,3.6029999256133998,0.368610262870789,0.640449821949005,0.277321130037308,0.0303698573261499,0.0998721495270729,0.48920378088951094,1.69716763496399,2017,
Yemen,,146,3.59299993515015,0.5916834473609921,0.93538224697113,0.310080915689468,0.24946372210979503,0.0567674227058887,0.104125209152699,1.3456006050109899,2017,
South Sudan,,147,3.5910000801086404,0.39724862575531,0.601323127746582,0.163486003875732,0.147062435746193,0.116793513298035,0.285670816898346,1.8795673847198502,2017,
Liberia,,148,3.5329999923706095,0.11904179304838199,0.8721179366111759,0.229918196797371,0.33288118243217496,0.0389482490718365,0.26654988527298,1.6732859611511202,2017,
Guinea,,149,3.50699996948242,0.24454993009567302,0.7912446856498722,0.194129139184952,0.348587512969971,0.110937617719173,0.264815092086792,1.55231189727783,2017,
Togo,,150,3.4949998855590803,0.30544471740722695,0.4318825304508211,0.247105568647385,0.38042613863945,0.0956650152802467,0.19689615070819896,1.8372292518615703,2017,
Rwanda,,151,3.47099995613098,0.368745893239975,0.945707023143768,0.326424807310104,0.5818438529968261,0.455220013856888,0.25275602936744695,0.540061235427856,2017,
Syria,,152,3.46199989318848,0.777153134346008,0.396102607250214,0.5005333423614501,0.0815394446253777,0.15134713053703303,0.49366372823715204,1.06157350540161,2017,
Tanzania,,153,3.34899997711182,0.511135876178741,1.04198980331421,0.364509284496307,0.390017777681351,0.0660351067781448,0.354256361722946,0.621130466461182,2017,
Burundi,,154,2.90499997138977,0.09162256866693501,0.629793584346771,0.151610791683197,0.0599007532000542,0.0841479450464249,0.20443518459796897,1.68302416801453,2017,
Central African Republic,,155,2.69300007820129,0.0,0.0,0.0187726859003305,0.270842045545578,0.0565650761127472,0.280876487493515,2.06600475311279,2017,
Finland,,1,7.632000000000001,1.305,,0.8740000000000001,0.6809999999999999,0.39299999999999996,0.20199999999999999,,2018,1.5919999999999999
Norway,,2,7.593999999999999,1.456,,0.861,0.6859999999999999,0.34,0.28600000000000003,,2018,1.5819999999999999
Denmark,,3,7.555,1.351,,0.868,0.6829999999999999,0.408,0.284,,2018,1.59
Iceland,,4,7.495,1.3430000000000002,,0.914,0.677,0.138,0.353,,2018,1.6440000000000001
Switzerland,,5,7.487,1.42,,0.927,0.66,0.35700000000000004,0.256,,2018,1.5490000000000002
Netherlands,,6,7.441,1.361,,0.878,0.638,0.295,0.33299999999999996,,2018,1.4880000000000002
Canada,,7,7.327999999999999,1.33,,0.8959999999999999,0.653,0.29100000000000004,0.321,,2018,1.5319999999999998
New Zealand,,8,7.324,1.268,,0.8759999999999999,0.669,0.389,0.365,,2018,1.601
Sweden,,9,7.314,1.355,,0.9129999999999999,0.659,0.38299999999999995,0.285,,2018,1.501
Australia,,10,7.272,1.34,,0.91,0.647,0.302,0.361,,2018,1.5730000000000002
United Kingdom,,11,7.19,1.244,,0.888,0.46399999999999997,0.08199999999999999,0.262,,2018,1.433
Austria,,12,7.138999999999999,1.341,,0.8909999999999999,0.617,0.22399999999999998,0.242,,2018,1.504
Costa Rica,,13,7.072,1.01,,0.8170000000000001,0.632,0.10099999999999999,0.14300000000000002,,2018,1.459
Ireland,,14,6.977,1.4480000000000002,,0.8759999999999999,0.614,0.306,0.307,,2018,1.5830000000000002
Germany,,15,6.965,1.34,,0.861,0.586,0.28,0.273,,2018,1.474
Belgium,,16,6.9270000000000005,1.324,,0.894,0.583,0.24,0.188,,2018,1.483
Luxembourg,,17,6.91,1.5759999999999998,,0.8959999999999999,0.632,0.321,0.196,,2018,1.52
United States,,18,6.886,1.3980000000000001,,0.8190000000000001,0.547,0.133,0.29100000000000004,,2018,1.4709999999999999
Israel,,19,6.814,1.301,,0.883,0.5329999999999999,0.272,0.354,,2018,1.5590000000000002
United Arab Emirates,,20,6.774,2.096,,0.67,0.284,,0.18600000000000003,,2018,0.7759999999999999
Czech Republic,,21,6.711,1.2329999999999999,,0.8540000000000001,0.5429999999999999,0.034,0.064,,2018,1.489
Malta,,22,6.627000000000001,1.27,,0.884,0.645,0.142,0.376,,2018,1.525
France,,23,6.489,1.2930000000000001,,0.9079999999999999,0.52,0.17600000000000002,0.098,,2018,1.466
Mexico,,24,6.4879999999999995,1.038,,0.7609999999999999,0.479,0.095,0.069,,2018,1.252
Chile,,25,6.476,1.131,,0.8079999999999999,0.431,0.061,0.19699999999999998,,2018,1.331
Taiwan,,26,6.441,1.365,,0.857,0.418,0.078,0.151,,2018,1.436
Panama,,27,6.43,1.112,,0.759,0.597,0.063,0.125,,2018,1.4380000000000002
Brazil,,28,6.419,0.986,,0.675,0.493,0.08800000000000001,0.11,,2018,1.474
Argentina,,29,6.388,1.073,,0.7440000000000001,0.57,0.054000000000000006,0.062,,2018,1.4680000000000002
Guatemala,,30,6.382000000000001,0.7809999999999999,,0.608,0.604,0.071,0.179,,2018,1.268
Uruguay,,31,6.379,1.093,,0.7709999999999999,0.625,0.155,0.13,,2018,1.459
Qatar,,32,6.374,1.649,,0.748,0.654,0.171,0.256,,2018,1.3030000000000002
Saudi Arabia,,33,6.371,1.379,,0.633,0.509,0.127,0.098,,2018,1.331
Singapore,,34,6.343,1.5290000000000001,,1.008,0.631,0.457,0.261,,2018,1.4509999999999998
Malaysia,,35,6.322,1.161,,0.669,0.35600000000000004,0.059000000000000004,0.311,,2018,1.258
Spain,,36,6.31,1.251,,0.965,0.449,0.07400000000000001,0.142,,2018,1.538
Colombia,,37,6.26,0.96,,0.635,0.531,0.039,0.099,,2018,1.439
Trinidad & Tobago,,38,6.192,1.2229999999999999,,0.564,0.575,0.019,0.171,,2018,1.492
Slovakia,,39,6.172999999999999,1.21,,0.7759999999999999,0.354,0.013999999999999999,0.11800000000000001,,2018,1.537
El Salvador,,40,6.167000000000001,0.8059999999999999,,0.639,0.461,0.08199999999999999,0.065,,2018,1.2309999999999999
Nicaragua,,41,6.141,0.6679999999999999,,0.7,0.527,0.128,0.20800000000000002,,2018,1.319
Poland,,42,6.122999999999999,1.176,,0.7809999999999999,0.546,0.064,0.10800000000000001,,2018,1.4480000000000002
Bahrain,,43,6.105,1.338,,0.698,0.594,0.12300000000000001,0.243,,2018,1.3659999999999999
Uzbekistan,,44,6.096,0.7190000000000001,,0.605,0.7240000000000001,0.259,0.32799999999999996,,2018,1.584
Kuwait,,45,6.082999999999999,1.474,,0.675,0.5539999999999999,0.106,0.16699999999999998,,2018,1.301
Thailand,,46,6.072,1.016,,0.7070000000000001,0.637,0.028999999999999998,0.364,,2018,1.4169999999999998
Italy,,47,6.0,1.264,,0.946,0.281,0.027999999999999997,0.13699999999999998,,2018,1.501
Ecuador,,48,5.973,0.889,,0.736,0.556,0.12,0.114,,2018,1.33
Belize,,49,5.956,0.807,,0.474,0.593,0.08900000000000001,0.183,,2018,1.101
Lithuania,,50,5.952000000000001,1.197,,0.716,0.35,0.006,0.026000000000000002,,2018,1.527
Slovenia,,51,5.9479999999999995,1.219,,0.856,0.633,0.051,0.16,,2018,1.506
Romania,,52,5.945,1.1159999999999999,,0.726,0.528,0.001,0.08800000000000001,,2018,1.219
Latvia,,53,5.933,1.148,,0.6709999999999999,0.363,0.066,0.092,,2018,1.454
Japan,,54,5.915,1.294,,0.988,0.5529999999999999,0.15,0.079,,2018,1.462
Mauritius,,55,5.891,1.09,,0.684,0.584,0.05,0.245,,2018,1.3869999999999998
Jamaica,,56,5.89,0.8190000000000001,,0.693,0.575,0.031,0.096,,2018,1.493
South Korea,,57,5.875,1.266,,0.955,0.244,0.051,0.175,,2018,1.204
Northern Cyprus,,58,5.835,1.229,,0.909,0.495,0.154,0.179,,2018,1.2109999999999999
Russia,,59,5.81,1.151,,0.599,0.39899999999999997,0.025,0.065,,2018,1.479
Kazakhstan,,60,5.79,1.143,,0.631,0.45399999999999996,0.121,0.14800000000000002,,2018,1.516
Cyprus,,61,5.7620000000000005,1.229,,0.909,0.423,0.035,0.20199999999999999,,2018,1.1909999999999998
Bolivia,,62,5.752000000000001,0.7509999999999999,,0.508,0.606,0.054000000000000006,0.141,,2018,1.2229999999999999
Estonia,,63,5.739,1.2,,0.737,0.5529999999999999,0.174,0.086,,2018,1.5319999999999998
Paraguay,,64,5.681,0.835,,0.615,0.541,0.07400000000000001,0.162,,2018,1.5219999999999998
Peru,,65,5.662999999999999,0.934,,0.674,0.53,0.034,0.092,,2018,1.249
Kosovo,,66,5.662000000000001,0.855,,0.578,0.44799999999999995,0.023,0.27399999999999997,,2018,1.23
Moldova,,67,5.64,0.657,,0.62,0.23199999999999998,0.0,0.171,,2018,1.301
Turkmenistan,,68,5.636,1.016,,0.517,0.41700000000000004,0.037000000000000005,0.19899999999999998,,2018,1.5330000000000001
Hungary,,69,5.62,1.171,,0.732,0.259,0.022000000000000002,0.061,,2018,1.401
Libya,,70,5.566,0.985,,0.5529999999999999,0.496,0.14800000000000002,0.11599999999999999,,2018,1.35
Philippines,,71,5.524,0.775,,0.513,0.643,0.105,0.12,,2018,1.3119999999999998
Honduras,,72,5.504,0.62,,0.622,0.45899999999999996,0.07400000000000001,0.19699999999999998,,2018,1.205
Belarus,,73,5.483,1.0390000000000001,,0.7,0.307,0.154,0.10099999999999999,,2018,1.4980000000000002
Turkey,,74,5.483,1.148,,0.6859999999999999,0.324,0.109,0.106,,2018,1.38
Pakistan,,75,5.472,0.652,,0.424,0.33399999999999996,0.113,0.21600000000000003,,2018,0.81
Hong Kong,,76,5.43,1.405,,1.03,0.524,0.29100000000000004,0.24600000000000002,,2018,1.29
Portugal,,77,5.41,1.188,,0.884,0.562,0.017,0.055,,2018,1.429
Serbia,,78,5.398,0.975,,0.685,0.28800000000000003,0.043,0.134,,2018,1.369
Greece,,79,5.358,1.1540000000000001,,0.879,0.131,0.044000000000000004,0.0,,2018,1.202
Lebanon,,80,5.358,0.965,,0.785,0.503,0.136,0.214,,2018,1.179
Montenegro,,81,5.347,1.0170000000000001,,0.7290000000000001,0.259,0.081,0.111,,2018,1.2790000000000001
Croatia,,82,5.321000000000001,1.115,,0.737,0.38,0.039,0.12,,2018,1.161
Dominican Republic,,83,5.3020000000000005,0.982,,0.614,0.578,0.106,0.12,,2018,1.4409999999999998
Algeria,,84,5.295,0.9790000000000001,,0.687,0.077,0.135,0.055,,2018,1.1540000000000001
Morocco,,85,5.254,0.779,,0.669,0.46,0.07400000000000001,0.026000000000000002,,2018,0.797
China,,86,5.246,0.9890000000000001,,0.799,0.597,0.10300000000000001,0.028999999999999998,,2018,1.1420000000000001
Azerbaijan,,87,5.2010000000000005,1.024,,0.603,0.43,0.17600000000000002,0.031,,2018,1.161
Tajikistan,,88,5.199,0.474,,0.598,0.292,0.034,0.187,,2018,1.166
Macedonia,,89,5.185,0.9590000000000001,,0.691,0.39399999999999996,0.052000000000000005,0.17300000000000001,,2018,1.239
Jordan,,90,5.1610000000000005,0.8220000000000001,,0.645,0.46799999999999997,0.134,0.13,,2018,1.265
Nigeria,,91,5.155,0.6890000000000001,,0.048,0.462,0.032,0.201,,2018,1.172
Kyrgyzstan,,92,5.131,0.53,,0.594,0.54,0.035,0.281,,2018,1.416
Bosnia and Herzegovina,,93,5.129,0.915,,0.758,0.28,0.0,0.21600000000000003,,2018,1.078
Mongolia,,94,5.125,0.914,,0.575,0.395,0.032,0.253,,2018,1.517
Vietnam,,95,5.103,0.715,,0.7020000000000001,0.618,0.079,0.177,,2018,1.365
Indonesia,,96,5.093,0.899,,0.522,0.5379999999999999,0.018000000000000002,0.484,,2018,1.215
Bhutan,,97,5.082,0.7959999999999999,,0.527,0.541,0.171,0.364,,2018,1.335
Somalia,,98,4.982,0.0,,0.115,0.674,0.282,0.23800000000000002,,2018,0.7120000000000001
Cameroon,,99,4.975,0.535,,0.182,0.45399999999999996,0.043,0.183,,2018,0.8909999999999999
Bulgaria,,100,4.933,1.054,,0.7120000000000001,0.359,0.009000000000000001,0.064,,2018,1.515
Nepal,,101,4.88,0.425,,0.539,0.526,0.078,0.302,,2018,1.228
Venezuela,,102,4.806,0.996,,0.657,0.133,0.052000000000000005,0.055999999999999994,,2018,1.469
Gabon,,103,4.758,1.036,,0.40399999999999997,0.35600000000000004,0.052000000000000005,0.032,,2018,1.1640000000000001
Palestinian Territories,,104,4.743,0.642,,0.602,0.266,0.076,0.086,,2018,1.217
South Africa,,105,4.724,0.94,,0.33,0.516,0.055999999999999994,0.10300000000000001,,2018,1.41
Iran,,106,4.707,1.0590000000000002,,0.691,0.45899999999999996,0.129,0.282,,2018,0.7709999999999999
Ivory Coast,,107,4.671,0.541,,0.08,0.467,0.10300000000000001,0.146,,2018,0.872
Ghana,,108,4.657,0.5920000000000001,,0.337,0.499,0.028999999999999998,0.212,,2018,0.8959999999999999
Senegal,,109,4.631,0.429,,0.433,0.406,0.08199999999999999,0.138,,2018,1.117
Laos,,110,4.623,0.72,,0.441,0.626,0.174,0.23,,2018,1.034
Tunisia,,111,4.592,0.9,,0.69,0.271,0.063,0.04,,2018,0.9059999999999999
Albania,,112,4.586,0.9159999999999999,,0.79,0.419,0.032,0.149,,2018,0.8170000000000001
Sierra Leone,,113,4.571000000000001,0.256,,0.0,0.355,0.053,0.23800000000000002,,2018,0.813
Congo (Brazzaville),,114,4.559,0.682,,0.34299999999999997,0.514,0.077,0.091,,2018,0.8109999999999999
Bangladesh,,115,4.5,0.532,,0.579,0.58,0.14400000000000002,0.153,,2018,0.85
Sri Lanka,,116,4.471,0.9179999999999999,,0.672,0.585,0.05,0.307,,2018,1.314
Iraq,,117,4.456,1.01,,0.536,0.304,0.095,0.14800000000000002,,2018,0.971
Mali,,118,4.447,0.37,,0.152,0.36700000000000005,0.055999999999999994,0.139,,2018,1.2329999999999999
Namibia,,119,4.441,0.8740000000000001,,0.365,0.519,0.064,0.051,,2018,1.281
Cambodia,,120,4.433,0.5489999999999999,,0.457,0.696,0.065,0.256,,2018,1.088
Burkina Faso,,121,4.4239999999999995,0.314,,0.254,0.312,0.128,0.175,,2018,1.097
Egypt,,122,4.419,0.885,,0.5529999999999999,0.312,0.107,0.092,,2018,1.025
Mozambique,,123,4.417,0.198,,0.17300000000000001,0.531,0.158,0.20600000000000002,,2018,0.902
Kenya,,124,4.41,0.493,,0.45399999999999996,0.504,0.055,0.35200000000000004,,2018,1.048
Zambia,,125,4.377,0.562,,0.295,0.503,0.08199999999999999,0.221,,2018,1.047
Mauritania,,126,4.356,0.557,,0.292,0.129,0.09300000000000001,0.134,,2018,1.245
Ethiopia,,127,4.35,0.308,,0.391,0.452,0.146,0.22,,2018,0.95
Georgia,,128,4.34,0.853,,0.643,0.375,0.215,0.038,,2018,0.5920000000000001
Armenia,,129,4.321000000000001,0.816,,0.6659999999999999,0.26,0.027999999999999997,0.077,,2018,0.99
Myanmar,,130,4.308,0.682,,0.429,0.58,0.17800000000000002,0.598,,2018,1.1740000000000002
Chad,,131,4.301,0.358,,0.053,0.18899999999999997,0.06,0.18100000000000002,,2018,0.907
Congo (Kinshasa),,132,4.245,0.069,,0.204,0.312,0.052000000000000005,0.19699999999999998,,2018,1.136
India,,133,4.19,0.721,,0.485,0.539,0.09300000000000001,0.172,,2018,0.747
Niger,,134,4.166,0.131,,0.221,0.39,0.099,0.175,,2018,0.867
Uganda,,135,4.1610000000000005,0.322,,0.237,0.45,0.061,0.259,,2018,1.09
Benin,,136,4.141,0.37799999999999995,,0.24,0.44,0.067,0.163,,2018,0.37200000000000005
Sudan,,137,4.138999999999999,0.605,,0.312,0.016,0.08199999999999999,0.134,,2018,1.24
Ukraine,,138,4.103,0.7929999999999999,,0.609,0.163,0.011000000000000001,0.187,,2018,1.413
Togo,,139,3.9989999999999997,0.259,,0.253,0.434,0.10099999999999999,0.158,,2018,0.474
Guinea,,140,3.964,0.344,,0.21100000000000002,0.39399999999999996,0.094,0.185,,2018,0.792
Lesotho,,141,3.8080000000000003,0.47200000000000003,,0.079,0.423,0.11199999999999999,0.11599999999999999,,2018,1.215
Angola,,142,3.795,0.73,,0.26899999999999996,0.0,0.061,0.079,,2018,1.125
Madagascar,,143,3.7739999999999996,0.262,,0.402,0.221,0.049,0.155,,2018,0.9079999999999999
Zimbabwe,,144,3.6919999999999997,0.35700000000000004,,0.248,0.406,0.099,0.132,,2018,1.094
Afghanistan,,145,3.6319999999999997,0.332,,0.255,0.085,0.036000000000000004,0.191,,2018,0.537
Botswana,,146,3.59,1.0170000000000001,,0.41700000000000004,0.557,0.092,0.042,,2018,1.1740000000000002
Malawi,,147,3.5869999999999997,0.18600000000000003,,0.306,0.531,0.08,0.21,,2018,0.541
Haiti,,148,3.582,0.315,,0.289,0.025,0.10400000000000001,0.392,,2018,0.7140000000000001
Liberia,,149,3.495,0.076,,0.267,0.419,0.03,0.20600000000000002,,2018,0.858
Syria,,150,3.4619999999999997,0.6890000000000001,,0.539,0.08800000000000001,0.14400000000000002,0.376,,2018,0.382
Rwanda,,151,3.408,0.332,,0.4,0.636,0.444,0.2,,2018,0.8959999999999999
Yemen,,152,3.355,0.442,,0.34299999999999997,0.244,0.064,0.083,,2018,1.073
Tanzania,,153,3.303,0.455,,0.381,0.48100000000000004,0.09699999999999999,0.27,,2018,0.991
South Sudan,,154,3.2539999999999996,0.337,,0.177,0.11199999999999999,0.106,0.22399999999999998,,2018,0.608
Central African Republic,,155,3.083,0.024,,0.01,0.305,0.038,0.218,,2018,0.0
Burundi,,156,2.905,0.091,,0.145,0.065,0.076,0.149,,2018,0.627
Finland,,1,7.769,1.34,,0.986,0.596,0.39299999999999996,0.153,,2019,1.587
Denmark,,2,7.6,1.383,,0.996,0.5920000000000001,0.41,0.252,,2019,1.5730000000000002
Norway,,3,7.553999999999999,1.4880000000000002,,1.028,0.603,0.341,0.271,,2019,1.5819999999999999
Iceland,,4,7.494,1.38,,1.026,0.591,0.11800000000000001,0.354,,2019,1.624
Netherlands,,5,7.4879999999999995,1.396,,0.9990000000000001,0.557,0.298,0.322,,2019,1.5219999999999998
Switzerland,,6,7.48,1.452,,1.052,0.5720000000000001,0.34299999999999997,0.263,,2019,1.526
Sweden,,7,7.343,1.3869999999999998,,1.0090000000000001,0.574,0.373,0.267,,2019,1.4869999999999999
New Zealand,,8,7.307,1.3030000000000002,,1.026,0.585,0.38,0.33,,2019,1.557
Canada,,9,7.278,1.365,,1.0390000000000001,0.584,0.308,0.285,,2019,1.505
Austria,,10,7.246,1.376,,1.016,0.532,0.226,0.244,,2019,1.475
Australia,,11,7.228,1.3719999999999999,,1.036,0.557,0.29,0.332,,2019,1.548
Costa Rica,,12,7.167000000000001,1.034,,0.963,0.5579999999999999,0.09300000000000001,0.14400000000000002,,2019,1.4409999999999998
Israel,,13,7.138999999999999,1.276,,1.0290000000000001,0.371,0.08199999999999999,0.261,,2019,1.455
Luxembourg,,14,7.09,1.609,,1.012,0.526,0.316,0.19399999999999998,,2019,1.479
United Kingdom,,15,7.053999999999999,1.3330000000000002,,0.996,0.45,0.278,0.348,,2019,1.538
Ireland,,16,7.021,1.499,,0.9990000000000001,0.516,0.31,0.298,,2019,1.5530000000000002
Germany,,17,6.985,1.3730000000000002,,0.987,0.495,0.265,0.261,,2019,1.454
Belgium,,18,6.922999999999999,1.3559999999999999,,0.986,0.473,0.21,0.16,,2019,1.504
United States,,19,6.892,1.433,,0.8740000000000001,0.45399999999999996,0.128,0.28,,2019,1.4569999999999999
Czech Republic,,20,6.852,1.2690000000000001,,0.92,0.457,0.036000000000000004,0.046,,2019,1.4869999999999999
United Arab Emirates,,21,6.825,1.5030000000000001,,0.825,0.598,0.182,0.262,,2019,1.31
Malta,,22,6.726,1.3,,0.9990000000000001,0.564,0.151,0.375,,2019,1.52
Mexico,,23,6.595,1.07,,0.861,0.433,0.073,0.07400000000000001,,2019,1.3230000000000002
France,,24,6.5920000000000005,1.324,,1.045,0.436,0.183,0.111,,2019,1.472
Taiwan,,25,6.446000000000001,1.368,,0.914,0.35100000000000003,0.09699999999999999,0.242,,2019,1.43
Chile,,26,6.444,1.159,,0.92,0.35700000000000004,0.055999999999999994,0.187,,2019,1.369
Guatemala,,27,6.436,0.8,,0.746,0.535,0.078,0.175,,2019,1.2690000000000001
Saudi Arabia,,28,6.375,1.403,,0.795,0.439,0.132,0.08,,2019,1.357
Qatar,,29,6.374,1.6840000000000002,,0.871,0.555,0.16699999999999998,0.22,,2019,1.3130000000000002
Spain,,30,6.354,1.286,,1.062,0.36200000000000004,0.079,0.153,,2019,1.484
Panama,,31,6.321000000000001,1.149,,0.91,0.516,0.054000000000000006,0.109,,2019,1.442
Brazil,,32,6.3,1.004,,0.802,0.39,0.086,0.099,,2019,1.439
Uruguay,,33,6.292999999999999,1.124,,0.8909999999999999,0.523,0.15,0.127,,2019,1.465
Singapore,,34,6.2620000000000005,1.5719999999999998,,1.141,0.556,0.45299999999999996,0.271,,2019,1.463
El Salvador,,35,6.252999999999999,0.794,,0.789,0.43,0.07400000000000001,0.09300000000000001,,2019,1.242
Italy,,36,6.223,1.294,,1.0390000000000001,0.231,0.03,0.158,,2019,1.4880000000000002
Bahrain,,37,6.199,1.3619999999999999,,0.871,0.536,0.11,0.255,,2019,1.368
Slovakia,,38,6.1979999999999995,1.246,,0.8809999999999999,0.33399999999999996,0.013999999999999999,0.121,,2019,1.504
Trinidad & Tobago,,39,6.192,1.2309999999999999,,0.713,0.489,0.016,0.185,,2019,1.4769999999999999
Poland,,40,6.182,1.206,,0.884,0.483,0.05,0.11699999999999999,,2019,1.4380000000000002
Uzbekistan,,41,6.1739999999999995,0.745,,0.7559999999999999,0.631,0.24,0.322,,2019,1.5290000000000001
Lithuania,,42,6.149,1.238,,0.818,0.29100000000000004,0.042,0.043,,2019,1.515
Colombia,,43,6.125,0.985,,0.841,0.47,0.034,0.099,,2019,1.41
Slovenia,,44,6.117999999999999,1.258,,0.953,0.564,0.057,0.14400000000000002,,2019,1.5230000000000001
Nicaragua,,45,6.105,0.6940000000000001,,0.835,0.435,0.127,0.2,,2019,1.325
Kosovo,,46,6.1,0.882,,0.758,0.489,0.006,0.262,,2019,1.232
Argentina,,47,6.086,1.092,,0.8809999999999999,0.47100000000000003,0.05,0.066,,2019,1.432
Romania,,48,6.07,1.162,,0.825,0.462,0.005,0.083,,2019,1.232
Cyprus,,49,6.046,1.263,,1.042,0.406,0.040999999999999995,0.19,,2019,1.2229999999999999
Ecuador,,50,6.028,0.912,,0.868,0.498,0.087,0.126,,2019,1.3119999999999998
Kuwait,,51,6.021,1.5,,0.8079999999999999,0.493,0.09699999999999999,0.142,,2019,1.319
Thailand,,52,6.007999999999999,1.05,,0.828,0.557,0.027999999999999997,0.359,,2019,1.409
Latvia,,53,5.94,1.187,,0.812,0.264,0.064,0.075,,2019,1.465
South Korea,,54,5.895,1.301,,1.036,0.159,0.055999999999999994,0.175,,2019,1.219
Estonia,,55,5.893,1.237,,0.8740000000000001,0.495,0.161,0.10300000000000001,,2019,1.528
Jamaica,,56,5.89,0.831,,0.831,0.49,0.027999999999999997,0.107,,2019,1.4780000000000002
Mauritius,,57,5.888,1.12,,0.7979999999999999,0.498,0.06,0.215,,2019,1.402
Japan,,58,5.886,1.327,,1.088,0.445,0.14,0.069,,2019,1.419
Honduras,,59,5.86,0.642,,0.828,0.507,0.078,0.24600000000000002,,2019,1.236
Kazakhstan,,60,5.809,1.173,,0.7290000000000001,0.41,0.096,0.146,,2019,1.508
Bolivia,,61,5.779,0.7759999999999999,,0.706,0.511,0.064,0.13699999999999998,,2019,1.209
Hungary,,62,5.757999999999999,1.2009999999999998,,0.828,0.19899999999999998,0.02,0.081,,2019,1.41
Paraguay,,63,5.742999999999999,0.855,,0.777,0.514,0.08,0.184,,2019,1.475
Northern Cyprus,,64,5.718,1.263,,1.042,0.41700000000000004,0.162,0.191,,2019,1.252
Peru,,65,5.697,0.96,,0.8540000000000001,0.455,0.027000000000000003,0.083,,2019,1.274
Portugal,,66,5.693,1.2209999999999999,,0.9990000000000001,0.508,0.025,0.047,,2019,1.431
Pakistan,,67,5.653,0.677,,0.535,0.313,0.098,0.22,,2019,0.8859999999999999
Russia,,68,5.648,1.183,,0.726,0.33399999999999996,0.031,0.08199999999999999,,2019,1.452
Philippines,,69,5.631,0.807,,0.657,0.5579999999999999,0.107,0.11699999999999999,,2019,1.2930000000000001
Serbia,,70,5.603,1.004,,0.8540000000000001,0.282,0.039,0.13699999999999998,,2019,1.383
Moldova,,71,5.529,0.685,,0.7390000000000001,0.245,0.0,0.18100000000000002,,2019,1.328
Libya,,72,5.525,1.044,,0.6729999999999999,0.41600000000000004,0.152,0.133,,2019,1.3030000000000002
Montenegro,,73,5.523,1.051,,0.871,0.19699999999999998,0.08,0.142,,2019,1.361
Tajikistan,,74,5.4670000000000005,0.493,,0.718,0.389,0.14400000000000002,0.23,,2019,1.0979999999999999
Croatia,,75,5.432,1.155,,0.914,0.29600000000000004,0.022000000000000002,0.11900000000000001,,2019,1.266
Hong Kong,,76,5.43,1.4380000000000002,,1.122,0.44,0.287,0.258,,2019,1.2770000000000001
Dominican Republic,,77,5.425,1.015,,0.779,0.49700000000000005,0.10099999999999999,0.113,,2019,1.401
Bosnia and Herzegovina,,78,5.386,0.945,,0.845,0.212,0.006,0.263,,2019,1.212
Turkey,,79,5.372999999999999,1.183,,0.8079999999999999,0.195,0.106,0.083,,2019,1.36
Malaysia,,80,5.3389999999999995,1.2209999999999999,,0.828,0.508,0.024,0.26,,2019,1.171
Belarus,,81,5.3229999999999995,1.067,,0.789,0.235,0.142,0.094,,2019,1.465
Greece,,82,5.287000000000001,1.181,,0.9990000000000001,0.067,0.034,0.0,,2019,1.156
Mongolia,,83,5.285,0.948,,0.667,0.317,0.038,0.235,,2019,1.531
North Macedonia,,84,5.274,0.983,,0.838,0.345,0.034,0.185,,2019,1.294
Nigeria,,85,5.265,0.696,,0.245,0.426,0.040999999999999995,0.215,,2019,1.111
Kyrgyzstan,,86,5.261,0.551,,0.723,0.508,0.023,0.3,,2019,1.4380000000000002
Turkmenistan,,87,5.247000000000001,1.052,,0.657,0.39399999999999996,0.027999999999999997,0.244,,2019,1.538
Algeria,,88,5.211,1.002,,0.785,0.086,0.114,0.073,,2019,1.16
Morocco,,89,5.207999999999999,0.8009999999999999,,0.782,0.418,0.076,0.036000000000000004,,2019,0.782
Azerbaijan,,90,5.207999999999999,1.043,,0.769,0.35100000000000003,0.182,0.035,,2019,1.147
Lebanon,,91,5.197,0.987,,0.815,0.21600000000000003,0.027000000000000003,0.166,,2019,1.224
Indonesia,,92,5.192,0.9309999999999999,,0.66,0.491,0.027999999999999997,0.498,,2019,1.203
China,,93,5.191,1.0290000000000001,,0.893,0.521,0.1,0.057999999999999996,,2019,1.125
Vietnam,,94,5.175,0.741,,0.851,0.5429999999999999,0.073,0.147,,2019,1.3459999999999999
Bhutan,,95,5.082,0.813,,0.604,0.457,0.16699999999999998,0.37,,2019,1.321
Cameroon,,96,5.044,0.5489999999999999,,0.331,0.381,0.037000000000000005,0.187,,2019,0.91
Bulgaria,,97,5.011,1.092,,0.815,0.311,0.004,0.081,,2019,1.5130000000000001
Ghana,,98,4.996,0.611,,0.486,0.381,0.04,0.245,,2019,0.868
Ivory Coast,,99,4.944,0.569,,0.23199999999999998,0.35200000000000004,0.09,0.154,,2019,0.8079999999999999
Nepal,,100,4.913,0.446,,0.677,0.439,0.08900000000000001,0.285,,2019,1.226
Jordan,,101,4.906000000000001,0.8370000000000001,,0.815,0.38299999999999995,0.13,0.11,,2019,1.225
Benin,,102,4.883,0.39299999999999996,,0.397,0.349,0.08199999999999999,0.175,,2019,0.43700000000000006
Congo (Brazzaville),,103,4.812,0.6729999999999999,,0.508,0.37200000000000005,0.09300000000000001,0.105,,2019,0.799
Gabon,,104,4.7989999999999995,1.057,,0.5710000000000001,0.295,0.055,0.043,,2019,1.183
Laos,,105,4.796,0.764,,0.551,0.547,0.16399999999999998,0.266,,2019,1.03
South Africa,,106,4.7219999999999995,0.96,,0.469,0.389,0.055,0.13,,2019,1.351
Albania,,107,4.718999999999999,0.9470000000000001,,0.8740000000000001,0.38299999999999995,0.027000000000000003,0.17800000000000002,,2019,0.848
Venezuela,,108,4.707,0.96,,0.805,0.154,0.047,0.064,,2019,1.4269999999999998
Cambodia,,109,4.7,0.574,,0.637,0.609,0.062,0.23199999999999998,,2019,1.122
Palestinian Territories,,110,4.696000000000001,0.657,,0.672,0.225,0.066,0.10300000000000001,,2019,1.247
Senegal,,111,4.681,0.45,,0.5710000000000001,0.292,0.07200000000000001,0.153,,2019,1.1340000000000001
Somalia,,112,4.668,0.0,,0.268,0.5589999999999999,0.27,0.243,,2019,0.698
Namibia,,113,4.638999999999999,0.879,,0.47700000000000004,0.401,0.055999999999999994,0.07,,2019,1.3130000000000002
Niger,,114,4.628,0.138,,0.366,0.318,0.102,0.188,,2019,0.774
Burkina Faso,,115,4.587,0.331,,0.38,0.255,0.113,0.177,,2019,1.056
Armenia,,116,4.559,0.85,,0.815,0.28300000000000003,0.064,0.095,,2019,1.055
Iran,,117,4.548,1.1,,0.785,0.305,0.125,0.27,,2019,0.8420000000000001
Guinea,,118,4.534,0.38,,0.375,0.332,0.086,0.207,,2019,0.8290000000000001
Georgia,,119,4.519,0.8859999999999999,,0.752,0.34600000000000003,0.16399999999999998,0.043,,2019,0.6659999999999999
Gambia,,120,4.516,0.308,,0.428,0.382,0.16699999999999998,0.26899999999999996,,2019,0.9390000000000001
Kenya,,121,4.5089999999999995,0.512,,0.581,0.431,0.053,0.37200000000000005,,2019,0.983
Mauritania,,122,4.49,0.57,,0.489,0.066,0.08800000000000001,0.106,,2019,1.167
Mozambique,,123,4.466,0.204,,0.39,0.494,0.138,0.19699999999999998,,2019,0.986
Tunisia,,124,4.461,0.9209999999999999,,0.815,0.16699999999999998,0.055,0.059000000000000004,,2019,1.0
Bangladesh,,125,4.456,0.562,,0.723,0.527,0.14300000000000002,0.166,,2019,0.9279999999999999
Iraq,,126,4.437,1.043,,0.574,0.24100000000000002,0.08900000000000001,0.14800000000000002,,2019,0.98
Congo (Kinshasa),,127,4.418,0.094,,0.35700000000000004,0.26899999999999996,0.053,0.212,,2019,1.125
Mali,,128,4.39,0.385,,0.308,0.327,0.052000000000000005,0.153,,2019,1.105
Sierra Leone,,129,4.374,0.268,,0.242,0.309,0.045,0.252,,2019,0.841
Sri Lanka,,130,4.3660000000000005,0.9490000000000001,,0.831,0.47,0.047,0.244,,2019,1.265
Myanmar,,131,4.36,0.71,,0.555,0.525,0.172,0.5660000000000001,,2019,1.181
Chad,,132,4.35,0.35,,0.192,0.174,0.078,0.198,,2019,0.7659999999999999
Ukraine,,133,4.332,0.82,,0.7390000000000001,0.17800000000000002,0.01,0.187,,2019,1.39
Ethiopia,,134,4.2860000000000005,0.336,,0.532,0.344,0.1,0.209,,2019,1.033
Swaziland,,135,4.212,0.8109999999999999,,0.0,0.313,0.135,0.07400000000000001,,2019,1.149
Uganda,,136,4.189,0.332,,0.44299999999999995,0.35600000000000004,0.06,0.252,,2019,1.069
Egypt,,137,4.166,0.9129999999999999,,0.644,0.24100000000000002,0.067,0.076,,2019,1.0390000000000001
Zambia,,138,4.107,0.578,,0.426,0.431,0.087,0.247,,2019,1.058
Togo,,139,4.085,0.275,,0.41,0.293,0.085,0.177,,2019,0.5720000000000001
India,,140,4.015,0.755,,0.588,0.498,0.085,0.2,,2019,0.765
Liberia,,141,3.975,0.073,,0.44299999999999995,0.37,0.033,0.233,,2019,0.922
Comoros,,142,3.9730000000000003,0.27399999999999997,,0.505,0.142,0.078,0.275,,2019,0.757
Madagascar,,143,3.9330000000000003,0.27399999999999997,,0.555,0.14800000000000002,0.040999999999999995,0.16899999999999998,,2019,0.9159999999999999
Lesotho,,144,3.802,0.489,,0.168,0.359,0.09300000000000001,0.107,,2019,1.169
Burundi,,145,3.775,0.046,,0.38,0.22,0.18,0.17600000000000002,,2019,0.447
Zimbabwe,,146,3.6630000000000003,0.366,,0.433,0.361,0.08900000000000001,0.151,,2019,1.114
Haiti,,147,3.597,0.32299999999999995,,0.449,0.026000000000000002,0.11,0.419,,2019,0.688
Botswana,,148,3.488,1.041,,0.5379999999999999,0.455,0.1,0.025,,2019,1.145
Syria,,149,3.4619999999999997,0.619,,0.44,0.013000000000000001,0.141,0.331,,2019,0.37799999999999995
Malawi,,150,3.41,0.191,,0.495,0.44299999999999995,0.08900000000000001,0.218,,2019,0.56
Yemen,,151,3.38,0.287,,0.46299999999999997,0.14300000000000002,0.077,0.10800000000000001,,2019,1.163
Rwanda,,152,3.3339999999999996,0.359,,0.614,0.555,0.41100000000000003,0.217,,2019,0.711
Tanzania,,153,3.2310000000000003,0.47600000000000003,,0.499,0.41700000000000004,0.147,0.276,,2019,0.885
Afghanistan,,154,3.2030000000000003,0.35,,0.361,0.0,0.025,0.158,,2019,0.517
Central African Republic,,155,3.083,0.026000000000000002,,0.105,0.225,0.035,0.235,,2019,0.0
South Sudan,,156,2.853,0.306,,0.295,0.01,0.091,0.20199999999999999,,2019,0.575
